source_id,source_name,state,scope,source_type,active,endpoint,dataset_id,notes
new_york,New York City,NY,city,socrata,YES,https://data.cityofnewyork.us/resource/ipu4-2q9a.json,ipu4-2q9a,"V19: Full 40-field map — permittee first/last/business/phone/license, owner first/last/business/phon..."
chicago,Chicago,IL,city,socrata,YES,https://data.cityofchicago.org/resource/ydr8-5enu.json,ydr8-5enu,V19: Fixed broken field map — old config had contact_1_type as contractor name and contact_1_state a...
los_angeles,Los Angeles,CA,city,socrata,YES,https://data.lacity.org/resource/pi9x-tg5x.json,pi9x-tg5x,"V19: Full 27-field map — zone, APC, CPA, neighborhood council (CNC), census tract, council district,..."
austin,Austin,TX,city,socrata,YES,https://datahub.austintexas.gov/resource/3syk-w9eu.json,3syk-w9eu,V12.6: Fixed domain to datahub.austintexas.gov
san_francisco,San Francisco,CA,city,socrata,YES,https://data.sfgov.org/resource/i98e-djp9.json,i98e-djp9,
seattle,Seattle,WA,city,socrata,YES,https://cos-data.seattle.gov/resource/76t5-zqzr.json,76t5-zqzr,V12.6: Fixed domain to cos-data.seattle.gov
new_orleans,New Orleans,LA,city,socrata,YES,https://data.nola.gov/resource/rcm3-fn58.json,rcm3-fn58,"V19: Full 35-field map — owner name, applicant, construction value, total/unpaid fees, bond amount, ..."
baton_rouge,Baton Rouge,LA,city,socrata,YES,https://data.brla.gov/resource/f3qw-nd5k.json,f3qw-nd5k,
cincinnati,Cincinnati,OH,city,socrata,YES,https://data.cincinnati-oh.gov/resource/cfkj-xb9y.json,cfkj-xb9y,"V20: Changed date_field from issueddate to applieddate — issueddate is null for most recent records,..."
cambridge,Cambridge,MA,city,socrata,NO,https://data.cambridgema.gov/resource/9qm7-wbdc.json,9qm7-wbdc,V12.6: Verified working — data.cambridgema.gov
washington_dc,Washington DC,DC,city,arcgis,YES,https://maps2.dcgis.dc.gov/dcgis/rest/services/FEEDS/DCRA/FeatureServer/4/query,DCRA_BuildingPermits_Last30Days,V19: Replaced wrong DDOT_TOPS/MapServer with correct DCRA FeatureServer. Using 'Last 30 Days' rollin...
san_antonio,San Antonio,TX,city,ckan,YES,https://data.sanantonio.gov/api/3/action/datastore_search,,"V20: Migrated from dead Socrata (v23u-v49r, 404) to CKAN. Resource c21106f9 has 101K+ records. Sort ..."
kansas_city,Kansas City,MO,city,socrata,YES,https://data.kcmo.org/resource/ntw8-aacc.json,ntw8-aacc,"V18: Replaced fabricated Socrata ID with real ntw8-aacc — BLDS standard data: permitnum, applieddate..."
detroit,Detroit,MI,city,arcgis,YES,https://services2.arcgis.com/qvkbeam7Wirps6zC/arcgis/rest/services/bseed_building_permits/FeatureServer/0/query,bseed_building_permits,"V17h: Switched to ArcGIS Hub bseed_building_permits — record_id, address, permit_type, construction_..."
pittsburgh,Pittsburgh,PA,city,ckan,YES,https://data.wprdc.org/api/3/action/datastore_search,,V12.39: Fixed CKAN endpoint - PLI Permits
denver,Denver,CO,city,arcgis,YES,https://services1.arcgis.com/zdB7qR0BtYrg0Xpl/arcgis/rest/services/ODC_DEV_RESIDENTIALCONSTPERMIT_P/FeatureServer/316/query,ODC_DEV_RESIDENTIALCONSTPERMIT_316,V17h: Switched to ArcGIS FeatureServer/316 — residential construction permits with contractor names
portland,Portland,OR,city,arcgis,YES,https://www.portlandmaps.com/arcgis/rest/services/Public/BDS_Permit/FeatureServer/22/query,BDS_Permit_AllPermits,V17g: Switched to verified portlandmaps.com FeatureServer/22 (All Permits layer)
atlanta,Atlanta,GA,city,arcgis,YES,https://services5.arcgis.com/5RxyIIJ9boPdptdo/arcgis/rest/services/Building_Permit_latest/FeatureServer/0/query,Building_Permit_latest,
nashville,Nashville,TN,city,arcgis,YES,https://services2.arcgis.com/HdTo6HJqh92wn4D8/arcgis/rest/services/Building_Permits_Issued_2/FeatureServer/0/query,Building_Permits_Issued_2,"V19: Switched from Applications to Issued endpoint (Building_Permits_Issued_2). Added Date_Issued, p..."
miami_dade,Miami-Dade County,FL,city,arcgis,YES,https://services.arcgis.com/8Pc9XBTAsYuxx9Ny/arcgis/rest/services/miamidade_permit_data/FeatureServer/0/query,miamidade_permit_data,V19: Replaced dead MD_OpenData/MapServer with ArcGIS FeatureServer miamidade_permit_data. SUPERB dat...
raleigh,Raleigh,NC,city,arcgis,YES,https://services.arcgis.com/v400IkDOw1ad7Yad/arcgis/rest/services/Building_Permits_Issued_Past_180_Days/FeatureServer/0/query,Building_Permits_Issued_Past_180_Days,V19: Replaced broken Building_Permits endpoint with working 180-day rolling feed. GOLD: contractor c...
phoenix,Phoenix,AZ,city,arcgis,YES,https://maps.phoenix.gov/pub/rest/services/Public/Planning_Permit/MapServer/1/query,Planning_Permit_1,"V18: Replaced fabricated endpoint with real maps.phoenix.gov MapServer — company name, scope of work..."
san_jose,San Jose,CA,city,ckan,YES,https://data.sanjoseca.gov/api/3/action/datastore_search,761b7ae8-3be1-4ad6-923d-c7af6404a904,"V12.5: Switched to CKAN — 17K+ permits, daily updates"
san_diego,San Diego County,CA,city,socrata,YES,https://data.sandiegocounty.gov/resource/dyzh-7eat.json,dyzh-7eat,"V17i: Switched to San Diego County Socrata (dyzh-7eat) — contractor_name, contractor_phone, contract..."
sacramento,Sacramento,CA,city,arcgis,YES,https://services5.arcgis.com/54falWtcpty3V47Z/arcgis/rest/services/BldgPermitIssued_CurrentYear/FeatureServer/0/query,BldgPermitIssued_CurrentYear,"V17h: Verified ArcGIS endpoint — Application, Type, Sub_Type, Address, ZIP, Contractor, Valuation, W..."
sacramento_county_ca,Sacramento County,CA,city,arcgis,YES,https://services1.arcgis.com/5NARefyPVtAeuJPU/arcgis/rest/services/Permits/FeatureServer/0/query,Permits_FeatureServer_0,V12.7: New — Sacramento County permits via ArcGIS FeatureServer. Data current Dec 2025. Covers uninc...
boston,Boston,MA,city,ckan,YES,https://data.boston.gov/api/3/action/datastore_search,6ddcd912-32a0-43df-9908-63574f8c7e77,V17g: Re-enabled — data.boston.gov CKAN datastore_search is a known working endpoint
philadelphia,Philadelphia,PA,city,carto,YES,https://phl.carto.com/api/v2/sql,li_permits,V17g: Re-enabled — phl.carto.com/api/v2/sql is a known working CARTO endpoint
baltimore,Baltimore,MD,city,arcgis,YES,https://egisdata.baltimorecity.gov/egis/rest/services/Housing/DHCD_Open_Baltimore_Datasets/FeatureServer/3/query,DHCD_Open_Baltimore_Datasets_3,V17g: Switched to verified ArcGIS FeatureServer (old Socrata was fabricated)
charlotte,Charlotte,NC,city,arcgis,YES,https://meckgis.mecklenburgcountync.gov/server/rest/services/BuildingPermits/FeatureServer/0/query,BuildingPermits_Mecklenburg,"V19: Full 38-field map — project name/desc/phase, permit desc, subdivision, zone code, building type..."
columbus,Columbus,OH,city,arcgis,YES,https://services5.arcgis.com/ZJRVau75bVmTMrpw/arcgis/rest/services/Building_and_Zoning_Cases/FeatureServer/1/query,Building_and_Zoning_Cases_1,"V17h: Switched to ArcGIS Building_and_Zoning_Cases Layer 1 — CASE_NO, FULL_ADDRESS. Limited fields b..."
fort_worth,Fort Worth,TX,city,arcgis,YES,https://services5.arcgis.com/3ddLCBXe1bRt7mzj/ArcGIS/rest/services/CFW_Open_Data_Development_Permits_View/FeatureServer/0/query,CFW_Development_Permits,"V19: Full 30-field map — permit type/subtype/category, work description, special text, full address ..."
honolulu,Honolulu,HI,city,socrata,NO,https://data.honolulu.gov/resource/4vab-c87q.json,4vab-c87q,"V19: Replaced fabricated msmn-pn2k with real dataset 4vab-c87q. Rich data: applicant, estimatedvalue..."
indianapolis,Indianapolis,IN,city,socrata,NO,https://data.indy.gov/resource/mna3-bpys.json,mna3-bpys,V12.6: Deactivated — fabricated Socrata domain
louisville,Louisville,KY,city,arcgis,YES,https://services1.arcgis.com/79kfd2K6fskCAkyg/arcgis/rest/services/active_construction_permits/FeatureServer/0/query,active_construction_permits,"V19: Full 20-field map — contractor, category, work type, zoning, sqft, permit fee, project costs, c..."
memphis,Memphis,TN,city,socrata,NO,https://data.memphistn.gov/resource/x2kq-mtik.json,x2kq-mtik,V12.6: Deactivated — fabricated Socrata domain
mesa,Mesa,AZ,city,socrata,NO,https://data.mesaaz.gov/resource/2gkz-7z4f.json,2gkz-7z4f,"V12.32: Verified live — premium: contractor name+address, applicant, sq_ft, valuation"
milwaukee,Milwaukee,WI,city,ckan,YES,https://data.milwaukee.gov/api/3/action/datastore_search,828e9630-d7cb-42e4-960e-964eae916397,"V17h: Switched to CKAN datastore_search — verified endpoint with Record ID, Permit Type, Address, Da..."
oakland,Oakland,CA,city,socrata,NO,https://data.oaklandca.gov/resource/wgz8-438i.json,wgz8-438i,V12.6: Deactivated — fabricated Socrata domain
oklahoma_city,Oklahoma City,OK,city,socrata,NO,https://data.okc.gov/resource/5fbs-8qm4.json,5fbs-8qm4,V12.6: Deactivated — fabricated Socrata domain
omaha,Omaha,NE,city,socrata,NO,https://data.cityofomaha.org/resource/7ggb-3m9q.json,7ggb-3m9q,V12.6: Deactivated — fabricated Socrata domain
st_louis,St. Louis,MO,city,socrata,NO,https://data.stlouis-mo.gov/resource/dk79-5s6i.json,dk79-5s6i,V12.6: Deactivated — fabricated Socrata domain
tucson,Tucson,AZ,city,arcgis,YES,https://gis.tucsonaz.gov/public/rest/services/PublicMaps/PermitsCode/MapServer/85/query,PDSD_ResidentialBldg_85,V19: Updated to gis.tucsonaz.gov (from mapdata.tucsonaz.gov). Full 30-field map — apply/issue/expire...
longview_tx,Longview,TX,city,arcgis,YES,https://cloud.longviewtexas.gov/arcgis/rest/services/WebMaps/Building_Permits/MapServer/1/query,Building_Permits_MapServer_1,V12.7: New — Longview TX commercial permits via ArcGIS MapServer layer 1. Data current Dec 2025. Lay...
lynchburg_va,Lynchburg,VA,city,arcgis,YES,https://mapviewer.lynchburgva.gov/arcgis/rest/services/OpenData/ODPDynamic/MapServer/37/query,ODPDynamic_MapServer_37,"V12.7: New — Lynchburg VA permits via ArcGIS MapServer. Data current Mar 2026. Includes building, co..."
long_beach,Long Beach,CA,city,socrata,NO,https://data.longbeach.gov/resource/6yaw-2i7d.json,6yaw-2i7d,V12.6: Deactivated — fabricated Socrata domain
fresno,Fresno,CA,city,socrata,NO,https://data.fresno.gov/resource/bqwt-zsqu.json,bqwt-zsqu,V12.6: Deactivated — fabricated Socrata domain
las_vegas,Las Vegas,NV,city,arcgis,YES,https://services1.arcgis.com/0MSEUqKaxRlEPj5g/arcgis/rest/services/Building_Permits/FeatureServer/0/query,Building_Permits_LV,"V17h: Verified ArcGIS endpoint via discovery script — CaseNumber, Address, IssuedDate, Cost"
orlando,Orlando,FL,city,socrata,YES,https://data.cityoforlando.net/resource/ryhf-m453.json,ryhf-m453,"V18: Added contractor_name field mapping — premium data includes contractor name, address, phone"
tampa,Tampa,FL,city,arcgis,YES,https://arcgis.tampagov.net/arcgis/rest/services/Planning/ConstructionInspections/FeatureServer/0/query,ConstructionInspections_0,"V17h: Switched to ArcGIS tampagov.net ConstructionInspections — RECORD_ID, ADDRESS, ZIP, PROJECTSTAT..."
jacksonville,Jacksonville,FL,city,arcgis,NO,https://services1.arcgis.com/sSwFpTv9KLqJnHQx/arcgis/rest/services/Building_Permits/FeatureServer/0/query,Building_Permits,V12.5: No public API — uses JaxEPICS proprietary system
virginia_beach,Virginia Beach,VA,city,arcgis,YES,https://services2.arcgis.com/CyVvlIiUfRBmMQuu/arcgis/rest/services/Building_Permits_Applications_view/FeatureServer/0/query,Building_Permits_Applications_view,"V12.32: Verified live — dates as YYYY/MM/DD strings, has ConstructionType field"
albuquerque,Albuquerque,NM,city,arcgis,YES,https://coageo.cabq.gov/cabqgeo/rest/services/agis/City_Building_Permits/FeatureServer/0/query,City_Building_Permits,"V12.32: Verified live — contractor names, valuations, work descriptions, owner names"
cleveland,Cleveland,OH,city,arcgis,YES,https://services3.arcgis.com/dty2kHktVXHrqO8i/arcgis/rest/services/Building_Permits/FeatureServer/0/query,Issued_Building_Permits,V12.4: Fabricated ArcGIS org ID — returns Invalid URL
roseville,Roseville,CA,city,socrata,YES,https://data.roseville.ca.us/resource/buxi-gsvq.json,buxi-gsvq,No address data in dataset - not useful for leads
marin_county,Marin County,CA,city,socrata,NO,https://data.marincounty.gov/resource/mkbn-caye.json,mkbn-caye,
gainesville,Gainesville,FL,city,socrata,YES,https://data.cityofgainesville.org/resource/p798-x3nx.json,p798-x3nx,
mesa_new,Mesa,AZ,city,socrata,YES,https://citydata.mesaaz.gov/resource/dzpk-hxfb.json,dzpk-hxfb,"V18: Upgraded field_map — premium data: contractor_name, contractor_email, contractor_license, appli..."
corona,Corona,CA,city,socrata,YES,https://corstat.coronaca.gov/resource/2agx-camz.json,2agx-camz,
montgomery_county_md,Montgomery County,MD,city,socrata,NO,https://data.montgomerycountymd.gov/resource/qxie-8qnp.json,qxie-8qnp,
williamson_county_tx,Williamson County,TX,city,socrata,NO,https://data.wcad.org/resource/fqhf-gyjx.json,fqhf-gyjx,
dallas,Dallas,TX,city,socrata,YES,https://www.dallasopendata.com/resource/e7gq-4sah.json,e7gq-4sah,V12.3: Verified working — formerly dallas_verified
framingham,Framingham,MA,city,socrata,YES,https://data.framinghamma.gov/resource/2vzw-yean.json,2vzw-yean,
parker,Parker,CO,city,socrata,YES,https://parkeronline.data.socrata.com/resource/f6vi-7y2m.json,f6vi-7y2m,
albany,Albany,NY,city,socrata,YES,https://data.ny.gov/resource/kb9s-4gzd.json,kb9s-4gzd,Historical data 2009-2013
prince_georges_county,Prince Georges County,MD,city,socrata,NO,https://data.princegeorgescountymd.gov/resource/weik-ttee.json,weik-ttee,V12.6: Deactivated — fabricated Socrata domain
new_jersey_state,New Jersey,NJ,city,socrata,YES,https://data.nj.gov/resource/w9se-dmra.json,w9se-dmra,"Statewide NJ data - covers Newark, Jersey City, Trenton, etc."
bayonne_nj,Bayonne,NJ,city,socrata,YES,https://data.nj.gov/resource/w9se-dmra.json,w9se-dmra,V12.60: Bayonne NJ from NJ statewide. Pop ~71K.
passaic_nj,Passaic,NJ,city,socrata,YES,https://data.nj.gov/resource/w9se-dmra.json,w9se-dmra,V12.7: New — Passaic permits via NJ State Socrata. Filtered from statewide dataset. Pop ~70K.
east_orange_nj,East Orange,NJ,city,socrata,YES,https://data.nj.gov/resource/w9se-dmra.json,w9se-dmra,V12.60: East Orange NJ from NJ statewide. Pop ~65K.
union_city_nj,Union City,NJ,city,socrata,YES,https://data.nj.gov/resource/w9se-dmra.json,w9se-dmra,V12.60: Union City NJ from NJ statewide. Pop ~73K.
vineland_nj,Vineland,NJ,city,socrata,YES,https://data.nj.gov/resource/w9se-dmra.json,w9se-dmra,V12.7: New — Vineland permits via NJ State Socrata. Filtered from statewide dataset. Pop ~60K.
hoboken_nj,Hoboken,NJ,city,socrata,YES,https://data.nj.gov/resource/w9se-dmra.json,w9se-dmra,V12.60: Hoboken NJ from NJ statewide. Pop ~60K. Hot construction market.
perth_amboy_nj,Perth Amboy,NJ,city,socrata,YES,https://data.nj.gov/resource/w9se-dmra.json,w9se-dmra,V12.7: New — Perth Amboy permits via NJ State Socrata. Filtered from statewide dataset. Pop ~55K.
plainfield_nj,Plainfield,NJ,city,socrata,YES,https://data.nj.gov/resource/w9se-dmra.json,w9se-dmra,V12.7: New — Plainfield permits via NJ State Socrata. Filtered from statewide dataset. Pop ~54K.
west_new_york_nj,West New York,NJ,city,socrata,YES,https://data.nj.gov/resource/w9se-dmra.json,w9se-dmra,V12.60: West New York NJ from NJ statewide. Pop ~54K.
hackensack_nj,Hackensack,NJ,city,socrata,YES,https://data.nj.gov/resource/w9se-dmra.json,w9se-dmra,V12.60: Hackensack NJ from NJ statewide. Pop ~46K. Bergen County seat.
sayreville_nj,Sayreville,NJ,city,socrata,YES,https://data.nj.gov/resource/w9se-dmra.json,w9se-dmra,V12.7: New — Sayreville permits via NJ State Socrata. Filtered from statewide dataset. Pop ~45K.
linden_nj,Linden,NJ,city,socrata,YES,https://data.nj.gov/resource/w9se-dmra.json,w9se-dmra,V12.7: New — Linden permits via NJ State Socrata. Filtered from statewide dataset. Pop ~43K.
kearny_nj,Kearny,NJ,city,socrata,YES,https://data.nj.gov/resource/w9se-dmra.json,w9se-dmra,V12.7: New — Kearny permits via NJ State Socrata. Filtered from statewide dataset. Pop ~41K.
fort_lee_nj,Fort Lee,NJ,city,socrata,YES,https://data.nj.gov/resource/w9se-dmra.json,w9se-dmra,V12.7: New — Fort Lee permits via NJ State Socrata. Filtered from statewide dataset. Pop ~40K.
atlantic_city_nj,Atlantic City,NJ,city,socrata,YES,https://data.nj.gov/resource/w9se-dmra.json,w9se-dmra,V12.60: Atlantic City NJ from NJ statewide. Pop ~38K. Casino/resort construction.
fair_lawn_nj,Fair Lawn,NJ,city,socrata,YES,https://data.nj.gov/resource/w9se-dmra.json,w9se-dmra,V12.7: New — Fair Lawn permits via NJ State Socrata. Filtered from statewide dataset. Pop ~34K.
garfield_nj,Garfield,NJ,city,socrata,YES,https://data.nj.gov/resource/w9se-dmra.json,w9se-dmra,V12.7: New — Garfield permits via NJ State Socrata. Filtered from statewide dataset. Pop ~32K.
long_branch_nj,Long Branch,NJ,city,socrata,YES,https://data.nj.gov/resource/w9se-dmra.json,w9se-dmra,V12.7: New — Long Branch permits via NJ State Socrata. Filtered from statewide dataset. Pop ~31K.
westfield_nj,Westfield,NJ,city,socrata,YES,https://data.nj.gov/resource/w9se-dmra.json,w9se-dmra,V12.7: New — Westfield permits via NJ State Socrata. Filtered from statewide dataset. Pop ~31K.
rahway_nj,Rahway,NJ,city,socrata,YES,https://data.nj.gov/resource/w9se-dmra.json,w9se-dmra,V12.7: New — Rahway permits via NJ State Socrata. Filtered from statewide dataset. Pop ~29K.
englewood_nj,Englewood,NJ,city,socrata,YES,https://data.nj.gov/resource/w9se-dmra.json,w9se-dmra,V12.7: New — Englewood permits via NJ State Socrata. Filtered from statewide dataset. Pop ~29K.
bergenfield_nj,Bergenfield,NJ,city,socrata,YES,https://data.nj.gov/resource/w9se-dmra.json,w9se-dmra,V12.7: New — Bergenfield permits via NJ State Socrata. Filtered from statewide dataset. Pop ~28K.
millville_nj,Millville,NJ,city,socrata,YES,https://data.nj.gov/resource/w9se-dmra.json,w9se-dmra,V12.7: New — Millville permits via NJ State Socrata. Filtered from statewide dataset. Pop ~27K.
bridgeton_nj,Bridgeton,NJ,city,socrata,YES,https://data.nj.gov/resource/w9se-dmra.json,w9se-dmra,V12.7: New — Bridgeton permits via NJ State Socrata. Filtered from statewide dataset. Pop ~27K.
paramus_nj,Paramus,NJ,city,socrata,YES,https://data.nj.gov/resource/w9se-dmra.json,w9se-dmra,V12.7: New — Paramus permits via NJ State Socrata. Filtered from statewide dataset. Pop ~26K.
lodi_nj,Lodi,NJ,city,socrata,YES,https://data.nj.gov/resource/w9se-dmra.json,w9se-dmra,V12.7: New — Lodi permits via NJ State Socrata. Filtered from statewide dataset. Pop ~26K.
ridgewood_nj,Ridgewood,NJ,city,socrata,YES,https://data.nj.gov/resource/w9se-dmra.json,w9se-dmra,V12.7: New — Ridgewood permits via NJ State Socrata. Filtered from statewide dataset. Pop ~25K.
cliffside_park_nj,Cliffside Park,NJ,city,socrata,YES,https://data.nj.gov/resource/w9se-dmra.json,w9se-dmra,V12.7: New — Cliffside Park permits via NJ State Socrata. Filtered from statewide dataset. Pop ~25K.
carteret_nj,Carteret,NJ,city,socrata,YES,https://data.nj.gov/resource/w9se-dmra.json,w9se-dmra,V12.7: New — Carteret permits via NJ State Socrata. Filtered from statewide dataset. Pop ~25K.
south_plainfield_nj,South Plainfield,NJ,city,socrata,YES,https://data.nj.gov/resource/w9se-dmra.json,w9se-dmra,V12.7: New — South Plainfield permits via NJ State Socrata. Filtered from statewide dataset. Pop ~24...
glassboro_nj,Glassboro,NJ,city,socrata,YES,https://data.nj.gov/resource/w9se-dmra.json,w9se-dmra,V12.7: New — Glassboro permits via NJ State Socrata. Filtered from statewide dataset. Pop ~23K.
north_plainfield_nj,North Plainfield,NJ,city,socrata,YES,https://data.nj.gov/resource/w9se-dmra.json,w9se-dmra,V12.7: New — North Plainfield permits via NJ State Socrata. Filtered from statewide dataset. Pop ~22...
summit_nj,Summit,NJ,city,socrata,YES,https://data.nj.gov/resource/w9se-dmra.json,w9se-dmra,V12.7: New — Summit permits via NJ State Socrata. Filtered from statewide dataset. Pop ~22K.
roselle_nj,Roselle,NJ,city,socrata,YES,https://data.nj.gov/resource/w9se-dmra.json,w9se-dmra,V12.7: New — Roselle permits via NJ State Socrata. Filtered from statewide dataset. Pop ~22K.
secaucus_nj,Secaucus,NJ,city,socrata,YES,https://data.nj.gov/resource/w9se-dmra.json,w9se-dmra,V12.7: New — Secaucus permits via NJ State Socrata. Filtered from statewide dataset. Pop ~22K.
lindenwold_nj,Lindenwold,NJ,city,socrata,YES,https://data.nj.gov/resource/w9se-dmra.json,w9se-dmra,V12.7: New — Lindenwold permits via NJ State Socrata. Filtered from statewide dataset. Pop ~21K.
elmwood_park_nj,Elmwood Park,NJ,city,socrata,YES,https://data.nj.gov/resource/w9se-dmra.json,w9se-dmra,V12.7: New — Elmwood Park permits via NJ State Socrata. Filtered from statewide dataset. Pop ~21K.
pleasantville_nj,Pleasantville,NJ,city,socrata,YES,https://data.nj.gov/resource/w9se-dmra.json,w9se-dmra,V12.7: New — Pleasantville permits via NJ State Socrata. Filtered from statewide dataset. Pop ~20K.
palisades_park_nj,Palisades Park,NJ,city,socrata,YES,https://data.nj.gov/resource/w9se-dmra.json,w9se-dmra,V12.7: New — Palisades Park permits via NJ State Socrata. Filtered from statewide dataset. Pop ~20K.
morristown_nj,Morristown,NJ,city,socrata,YES,https://data.nj.gov/resource/w9se-dmra.json,w9se-dmra,V12.60: Morristown NJ from NJ statewide. Pop ~19K. County seat.
hawthorne_nj,Hawthorne,NJ,city,socrata,YES,https://data.nj.gov/resource/w9se-dmra.json,w9se-dmra,V12.7: New — Hawthorne permits via NJ State Socrata. Filtered from statewide dataset. Pop ~19K.
tinton_falls_nj,Tinton Falls,NJ,city,socrata,YES,https://data.nj.gov/resource/w9se-dmra.json,w9se-dmra,V12.7: New — Tinton Falls permits via NJ State Socrata. Filtered from statewide dataset. Pop ~19K.
rutherford_nj,Rutherford,NJ,city,socrata,YES,https://data.nj.gov/resource/w9se-dmra.json,w9se-dmra,V12.7: New — Rutherford permits via NJ State Socrata. Filtered from statewide dataset. Pop ~18K.
noblesville_in,Noblesville,IN,city,arcgis,YES,https://gis1.hamiltoncounty.in.gov/arcgis/rest/services/POSSE/POSSE_Map/MapServer/18/query,POSSE_Map_Layer18,V12.7: New — Hamilton County IN ArcGIS. No date field; uses OBJECTID for ordering. Pop ~70K.
collin_county_tx,Collin County,TX,city,socrata,YES,https://data.texas.gov/resource/82ee-gbj5.json,82ee-gbj5,V12.7: New — Collin County TX via data.texas.gov Socrata. Countywide dataset.
allen_tx,Allen,TX,city,socrata,YES,https://data.texas.gov/resource/82ee-gbj5.json,82ee-gbj5,V12.7: New — Allen permits via Collin County Socrata. Pop ~105K.
wylie_tx,Wylie,TX,city,socrata,YES,https://data.texas.gov/resource/82ee-gbj5.json,82ee-gbj5,V12.7: New — Wylie permits via Collin County Socrata. Pop ~58K.
alpharetta_ga,Alpharetta,GA,city,arcgis,YES,https://alphagis.alpharetta.ga.us/arcgis/rest/services/OpenData/OpenData_PCE_Full/FeatureServer/3/query,,V12.9: New — Alpharetta GA ArcGIS permits. Pop ~67K. No orderByFields support.
pierce_county_wa,Pierce County,WA,city,arcgis,YES,https://services2.arcgis.com/1UvBaQ5y1ubjUPmd/arcgis/rest/services/Permits_Pierce_County/FeatureServer/0/query,,"V12.9: New — Pierce County WA ArcGIS permits. Covers Lakewood, Tacoma unincorp, etc."
howard_county,Howard County,MD,city,socrata,NO,https://opendata.howardcountymd.gov/resource/kvz2-j5cj.json,kvz2-j5cj,
sonoma_county,Sonoma County,CA,city,socrata,NO,https://data.sonomacounty.ca.gov/resource/652y-5ihx.json,652y-5ihx,V12.6: Deactivated — fabricated Socrata domain
collin_county,Collin County,TX,city,socrata,NO,https://data.texas.gov/resource/82ee-gbj5.json,82ee-gbj5,
summit_county_ut,Summit County,UT,city,socrata,YES,https://opendata.utah.gov/resource/rtmz-aq9t.json,rtmz-aq9t,
west_hollywood,West Hollywood,CA,city,socrata,YES,https://data.weho.org/resource/d96h-4b7t.json,d96h-4b7t,V12.7: Reactivated — data.weho.org verified working
calgary,Calgary,AB,city,socrata,NO,https://data.calgary.ca/resource/c2es-76ed.json,c2es-76ed,"Calgary, Alberta, Canada"
somerville,Somerville,MA,city,socrata,YES,https://data.somervillema.gov/resource/vxgw-vmky.json,vxgw-vmky,V12.38: Fixed field_map - working endpoint
norfolk_new,Norfolk,VA,city,socrata,YES,https://data.norfolk.gov/resource/bnrb-u445.json,bnrb-u445,"V19: Full 32-field map — permit number, address, application/issue/finalize dates, type, status, use..."
frederick,Frederick,MD,city,socrata,YES,https://opendata.maryland.gov/resource/xrz3-9xhj.json,xrz3-9xhj,
college_station,College Station,TX,city,socrata,YES,https://data.cstx.gov/resource/hrbn-znt6.json,hrbn-znt6,V12.7: Reactivated — data.cstx.gov verified working
cook_county,Cook County,IL,city,socrata,YES,https://datacatalog.cookcountyil.gov/resource/6yjf-dfxs.json,6yjf-dfxs,V12.7: Reactivated — Cook County Assessor Permits via Socrata. Data current Dec 2025. Covers 130+ mu...
cicero_il,Cicero,IL,city,socrata,YES,https://datacatalog.cookcountyil.gov/resource/6yjf-dfxs.json,6yjf-dfxs,V12.7: New — Cicero permits via Cook County Socrata. Data current Dec 2025. Filtered from county-wid...
schaumburg_il,Schaumburg,IL,city,socrata,YES,https://datacatalog.cookcountyil.gov/resource/6yjf-dfxs.json,6yjf-dfxs,V12.7: New — Schaumburg permits via Cook County Socrata. Data current Dec 2025. Filtered from county...
evanston_il,Evanston,IL,city,socrata,YES,https://datacatalog.cookcountyil.gov/resource/6yjf-dfxs.json,6yjf-dfxs,V12.7: New — Evanston permits via Cook County Socrata. Data current Dec 2025. Filtered from county-w...
arlington_heights_il,Arlington Heights,IL,city,socrata,YES,https://datacatalog.cookcountyil.gov/resource/6yjf-dfxs.json,6yjf-dfxs,V12.7: New — Arlington Heights permits via Cook County Socrata. Data current Dec 2025. Filtered from...
palatine_il,Palatine,IL,city,socrata,YES,https://datacatalog.cookcountyil.gov/resource/6yjf-dfxs.json,6yjf-dfxs,V12.8: New — Palatine permits via Cook County Socrata. Pop ~67K.
skokie_il,Skokie,IL,city,socrata,YES,https://datacatalog.cookcountyil.gov/resource/6yjf-dfxs.json,6yjf-dfxs,V12.8: New — Skokie permits via Cook County Socrata. Pop ~67K.
des_plaines_il,Des Plaines,IL,city,socrata,YES,https://datacatalog.cookcountyil.gov/resource/6yjf-dfxs.json,6yjf-dfxs,V12.8: New — Des Plaines permits via Cook County Socrata. Pop ~60K.
orland_park_il,Orland Park,IL,city,socrata,YES,https://datacatalog.cookcountyil.gov/resource/6yjf-dfxs.json,6yjf-dfxs,V12.8: New — Orland Park permits via Cook County Socrata. Pop ~58K.
oak_lawn_il,Oak Lawn,IL,city,socrata,YES,https://datacatalog.cookcountyil.gov/resource/6yjf-dfxs.json,6yjf-dfxs,V12.8: New — Oak Lawn permits via Cook County Socrata. Pop ~58K.
berwyn_il,Berwyn,IL,city,socrata,YES,https://datacatalog.cookcountyil.gov/resource/6yjf-dfxs.json,6yjf-dfxs,V12.8: New — Berwyn permits via Cook County Socrata. Pop ~57K.
mount_prospect_il,Mount Prospect,IL,city,socrata,YES,https://datacatalog.cookcountyil.gov/resource/6yjf-dfxs.json,6yjf-dfxs,V12.8: New — Mount Prospect permits via Cook County Socrata. Pop ~56K.
tinley_park_il,Tinley Park,IL,city,socrata,YES,https://datacatalog.cookcountyil.gov/resource/6yjf-dfxs.json,6yjf-dfxs,V12.8: New — Tinley Park permits via Cook County Socrata. Pop ~55K.
oak_park_il,Oak Park,IL,city,socrata,YES,https://datacatalog.cookcountyil.gov/resource/6yjf-dfxs.json,6yjf-dfxs,V12.8: New — Oak Park permits via Cook County Socrata. Pop ~54K.
hoffman_estates_il,Hoffman Estates,IL,city,socrata,YES,https://datacatalog.cookcountyil.gov/resource/6yjf-dfxs.json,6yjf-dfxs,V12.8: New — Hoffman Estates permits via Cook County Socrata. Pop ~52K.
glenview_il,Glenview,IL,city,socrata,YES,https://datacatalog.cookcountyil.gov/resource/6yjf-dfxs.json,6yjf-dfxs,V12.8: New — Glenview permits via Cook County Socrata. Pop ~48K.
buffalo_grove_il,Buffalo Grove,IL,city,socrata,YES,https://datacatalog.cookcountyil.gov/resource/6yjf-dfxs.json,6yjf-dfxs,V12.8: New — Buffalo Grove permits via Cook County Socrata. Pop ~43K.
bartlett_il,Bartlett,IL,city,socrata,YES,https://datacatalog.cookcountyil.gov/resource/6yjf-dfxs.json,6yjf-dfxs,V12.8: New — Bartlett permits via Cook County Socrata. Pop ~41K.
park_ridge_il,Park Ridge,IL,city,socrata,YES,https://datacatalog.cookcountyil.gov/resource/6yjf-dfxs.json,6yjf-dfxs,V12.8: New — Park Ridge permits via Cook County Socrata. Pop ~39K.
streamwood_il,Streamwood,IL,city,socrata,YES,https://datacatalog.cookcountyil.gov/resource/6yjf-dfxs.json,6yjf-dfxs,V12.8: New — Streamwood permits via Cook County Socrata. Pop ~39K.
wheeling_il,Wheeling,IL,city,socrata,YES,https://datacatalog.cookcountyil.gov/resource/6yjf-dfxs.json,6yjf-dfxs,V12.8: New — Wheeling permits via Cook County Socrata. Pop ~39K.
hanover_park_il,Hanover Park,IL,city,socrata,YES,https://datacatalog.cookcountyil.gov/resource/6yjf-dfxs.json,6yjf-dfxs,V12.8: New — Hanover Park permits via Cook County Socrata. Pop ~37K.
calumet_city_il,Calumet City,IL,city,socrata,YES,https://datacatalog.cookcountyil.gov/resource/6yjf-dfxs.json,6yjf-dfxs,V12.8: New — Calumet City permits via Cook County Socrata. Pop ~36K.
northbrook_il,Northbrook,IL,city,socrata,YES,https://datacatalog.cookcountyil.gov/resource/6yjf-dfxs.json,6yjf-dfxs,V12.8: New — Northbrook permits via Cook County Socrata. Pop ~35K.
elk_grove_village_il,Elk Grove Village,IL,city,socrata,YES,https://datacatalog.cookcountyil.gov/resource/6yjf-dfxs.json,6yjf-dfxs,V12.8: New — Elk Grove Village permits via Cook County Socrata. Pop ~32K.
niles_il,Niles,IL,city,socrata,YES,https://datacatalog.cookcountyil.gov/resource/6yjf-dfxs.json,6yjf-dfxs,V12.8: New — Niles permits via Cook County Socrata. Pop ~30K.
burbank_il,Burbank,IL,city,socrata,YES,https://datacatalog.cookcountyil.gov/resource/6yjf-dfxs.json,6yjf-dfxs,V12.8: New — Burbank permits via Cook County Socrata. Pop ~29K.
wilmette_il,Wilmette,IL,city,socrata,YES,https://datacatalog.cookcountyil.gov/resource/6yjf-dfxs.json,6yjf-dfxs,V12.8: New — Wilmette permits via Cook County Socrata. Pop ~28K.
chicago_heights_il,Chicago Heights,IL,city,socrata,YES,https://datacatalog.cookcountyil.gov/resource/6yjf-dfxs.json,6yjf-dfxs,V12.8: New — Chicago Heights permits via Cook County Socrata. Pop ~27K.
oak_forest_il,Oak Forest,IL,city,socrata,YES,https://datacatalog.cookcountyil.gov/resource/6yjf-dfxs.json,6yjf-dfxs,V12.8: New — Oak Forest permits via Cook County Socrata. Pop ~27K.
morton_grove_il,Morton Grove,IL,city,socrata,YES,https://datacatalog.cookcountyil.gov/resource/6yjf-dfxs.json,6yjf-dfxs,V12.8: New — Morton Grove permits via Cook County Socrata. Pop ~25K.
melrose_park_il,Melrose Park,IL,city,socrata,YES,https://datacatalog.cookcountyil.gov/resource/6yjf-dfxs.json,6yjf-dfxs,V12.8: New — Melrose Park permits via Cook County Socrata. Pop ~24K.
elmwood_park_il,Elmwood Park,IL,city,socrata,YES,https://datacatalog.cookcountyil.gov/resource/6yjf-dfxs.json,6yjf-dfxs,V12.8: New — Elmwood Park permits via Cook County Socrata. Pop ~24K.
rolling_meadows_il,Rolling Meadows,IL,city,socrata,YES,https://datacatalog.cookcountyil.gov/resource/6yjf-dfxs.json,6yjf-dfxs,V12.8: New — Rolling Meadows permits via Cook County Socrata. Pop ~24K.
roselle_il,Roselle,IL,city,socrata,YES,https://datacatalog.cookcountyil.gov/resource/6yjf-dfxs.json,6yjf-dfxs,V12.8: New — Roselle permits via Cook County Socrata. Pop ~22K.
blue_island_il,Blue Island,IL,city,socrata,YES,https://datacatalog.cookcountyil.gov/resource/6yjf-dfxs.json,6yjf-dfxs,V12.8: New — Blue Island permits via Cook County Socrata. Pop ~22K.
park_forest_il,Park Forest,IL,city,socrata,YES,https://datacatalog.cookcountyil.gov/resource/6yjf-dfxs.json,6yjf-dfxs,V12.8: New — Park Forest permits via Cook County Socrata. Pop ~21K.
south_holland_il,South Holland,IL,city,socrata,YES,https://datacatalog.cookcountyil.gov/resource/6yjf-dfxs.json,6yjf-dfxs,V12.8: New — South Holland permits via Cook County Socrata. Pop ~21K.
dolton_il,Dolton,IL,city,socrata,YES,https://datacatalog.cookcountyil.gov/resource/6yjf-dfxs.json,6yjf-dfxs,V12.8: New — Dolton permits via Cook County Socrata. Pop ~21K.
evergreen_park_il,Evergreen Park,IL,city,socrata,YES,https://datacatalog.cookcountyil.gov/resource/6yjf-dfxs.json,6yjf-dfxs,V12.8: New — Evergreen Park permits via Cook County Socrata. Pop ~19K.
brookfield_il,Brookfield,IL,city,socrata,YES,https://datacatalog.cookcountyil.gov/resource/6yjf-dfxs.json,6yjf-dfxs,V12.8: New — Brookfield permits via Cook County Socrata. Pop ~19K.
homewood_il,Homewood,IL,city,socrata,YES,https://datacatalog.cookcountyil.gov/resource/6yjf-dfxs.json,6yjf-dfxs,V12.8: New — Homewood permits via Cook County Socrata. Pop ~19K.
matteson_il,Matteson,IL,city,socrata,YES,https://datacatalog.cookcountyil.gov/resource/6yjf-dfxs.json,6yjf-dfxs,V12.8: New — Matteson permits via Cook County Socrata. Pop ~19K.
alsip_il,Alsip,IL,city,socrata,YES,https://datacatalog.cookcountyil.gov/resource/6yjf-dfxs.json,6yjf-dfxs,V12.8: New — Alsip permits via Cook County Socrata. Pop ~19K.
palos_hills_il,Palos Hills,IL,city,socrata,YES,https://datacatalog.cookcountyil.gov/resource/6yjf-dfxs.json,6yjf-dfxs,V12.8: New — Palos Hills permits via Cook County Socrata. Pop ~18K.
bloomington_in,Bloomington,IN,city,socrata,NO,https://data.bloomington.in.gov/resource/9q6j-a8rc.json,9q6j-a8rc,V12.6: Deactivated — fabricated Socrata domain
asotin,Asotin,WA,city,socrata,NO,https://data.wa.gov/resource/ez9k-2c5k.json,ez9k-2c5k,V12.6: Deactivated — fabricated Socrata domain
honolulu_verified,Honolulu,HI,city,socrata,YES,https://data.honolulu.gov/resource/4vab-c87q.json,4vab-c87q,V12.8: Fixed date_field typo but dataset ends June 2025 - no longer updated
nola_verified,New Orleans,LA,city,socrata,NO,https://data.nola.gov/resource/rcm3-fn58.json,rcm3-fn58,V12.8: Deactivated - duplicate of new_orleans using same endpoint
edmonton,Edmonton,AB,city,socrata,NO,https://data.edmonton.ca/resource/24uj-dj8v.json,24uj-dj8v,"Edmonton, Alberta, Canada"
winnipeg,Winnipeg,MB,city,socrata,NO,https://data.winnipeg.ca/resource/it4w-cpf4.json,it4w-cpf4,"Winnipeg, Manitoba, Canada"
kansas_city_historical,Kansas City,MO,city,socrata,NO,https://data.kcmo.org/resource/cvnj-fvgf.json,cvnj-fvgf,Historical data 2000-2009
little_rock,Little Rock,AR,city,socrata,YES,https://data.littlerock.gov/resource/mkfu-qap3.json,mkfu-qap3,"V19: Full 22-field map — contractor name + trade, building use code/desc, work class, milestone, sqf..."
urbana,Urbana,IL,city,socrata,NO,https://illinois-edp.data.socrata.com/resource/dvw9-7wyx.json,dvw9-7wyx,V12.6: Deactivated — fabricated Socrata domain
salt_lake_city,Salt Lake City,UT,city,socrata,YES,https://opendata.utah.gov/resource/nbv6-7v56.json,nbv6-7v56,
clarkston,Clarkston,WA,city,socrata,YES,https://data.wa.gov/resource/uxv9-c2g9.json,uxv9-c2g9,
auburn_wa,Auburn,WA,city,socrata,YES,https://data.auburnwa.gov/resource/fted-8bve.json,fted-8bve,V12.60: Auburn WA permits. Pop ~87K.
dumfries,Dumfries,VA,city,socrata,YES,https://data.dumfriesva.gov/resource/76tz-5d55.json,76tz-5d55,
pierce_county,Pierce County,WA,city,socrata,NO,https://open.piercecountywa.gov/resource/rcj9-mkn4.json,rcj9-mkn4,
nola_blds,New Orleans,LA,city,socrata,NO,https://data.nola.gov/resource/72f9-bi28.json,72f9-bi28,V12.8: Deactivated - duplicate slug with new_orleans
henderson_nv,Henderson,NV,city,socrata,YES,https://opendata.cityofhenderson.com/resource/fpc9-568j.json,fpc9-568j,
santa_ana,Santa Ana,CA,city,socrata,NO,https://data.santa-ana.org/resource/bpmc-6m8n.json,bpmc-6m8n,V12.6: Deactivated — fabricated Socrata domain
anaheim,Anaheim,CA,city,socrata,NO,https://data.anaheim.net/resource/kq7k-4rmh.json,kq7k-4rmh,V12.6: Deactivated — fabricated Socrata domain
riverside,Riverside,CA,city,socrata,NO,https://data.riversideca.gov/resource/k5dv-4xb3.json,k5dv-4xb3,V12.6: Deactivated — fabricated Socrata domain
stockton,Stockton,CA,city,socrata,NO,https://data.stocktonca.gov/resource/bvqd-5xjc.json,bvqd-5xjc,V12.6: Deactivated — fabricated Socrata domain
irvine,Irvine,CA,city,socrata,NO,https://data.cityofirvine.org/resource/bqvc-38bm.json,bqvc-38bm,V12.6: Deactivated — fabricated Socrata domain
chula_vista,Chula Vista,CA,city,socrata,NO,https://data.chulavistaca.gov/resource/dpkh-6h6c.json,dpkh-6h6c,V12.6: Deactivated — fabricated Socrata domain
santa_clarita,Santa Clarita,CA,city,socrata,NO,https://data.santa-clarita.com/resource/k3by-7jmn.json,k3by-7jmn,V12.6: Deactivated — fabricated Socrata domain
modesto,Modesto,CA,city,socrata,NO,https://data.modestogov.com/resource/5tnn-u3vx.json,5tnn-u3vx,V12.6: Deactivated — fabricated Socrata domain
glendale,Glendale,CA,city,socrata,NO,https://data.glendaleca.gov/resource/xk5m-6hvm.json,xk5m-6hvm,V12.6: Deactivated — fabricated Socrata domain
huntington_beach,Huntington Beach,CA,city,socrata,NO,https://data.huntingtonbeachca.gov/resource/n6jd-r4hc.json,n6jd-r4hc,V12.6: Deactivated — fabricated Socrata domain
fremont,Fremont,CA,city,socrata,NO,https://data.fremont.gov/resource/8knp-4mkf.json,8knp-4mkf,V12.6: Deactivated — fabricated Socrata domain
san_bernardino,San Bernardino,CA,city,socrata,NO,https://data.sbcity.org/resource/y6jq-5b7r.json,y6jq-5b7r,V12.6: Deactivated — fabricated Socrata domain
fontana,Fontana,CA,city,socrata,NO,https://data.fontana.org/resource/ux6n-h4jz.json,ux6n-h4jz,V12.6: Deactivated — fabricated Socrata domain
el_paso,El Paso,TX,city,socrata,NO,https://data.elpasotexas.gov/resource/b4q2-2spt.json,b4q2-2spt,V12.6: Deactivated — fabricated Socrata domain
arlington,Arlington,TX,city,arcgis,YES,https://gis2.arlingtontx.gov/agsext2/rest/services/OpenData/OD_Property/MapServer/1/query,OD_Property_IssuedPermits,"V12.32: Verified live — MapServer, has valuation, work desc, detailed conditions"
plano,Plano,TX,city,socrata,YES,https://data.texas.gov/resource/82ee-gbj5.json,82ee-gbj5,V12.8: City-filtered from Collin County TX
corpus_christi,Corpus Christi,TX,city,socrata,NO,https://data.cctexas.com/resource/7g4c-xpak.json,7g4c-xpak,V12.6: Deactivated — fabricated Socrata domain
laredo,Laredo,TX,city,socrata,NO,https://data.cityoflaredo.com/resource/vqtr-7nc4.json,vqtr-7nc4,V12.6: Deactivated — fabricated Socrata domain
lubbock,Lubbock,TX,city,socrata,NO,https://data.ci.lubbock.tx.us/resource/x8vz-bqgu.json,x8vz-bqgu,V12.6: Deactivated — fabricated Socrata domain
irving,Irving,TX,city,socrata,NO,https://data.cityofirving.org/resource/5b8x-m6cd.json,5b8x-m6cd,V12.6: Deactivated — fabricated Socrata domain
garland,Garland,TX,city,socrata,NO,https://data.garlandtx.gov/resource/q4sz-bvk2.json,q4sz-bvk2,V12.6: Deactivated — fabricated Socrata domain
grand_prairie,Grand Prairie,TX,city,socrata,NO,https://data.gptx.org/resource/2vpx-7dkh.json,2vpx-7dkh,V12.6: Deactivated — fabricated Socrata domain
mckinney,Mckinney,TX,city,socrata,YES,https://data.texas.gov/resource/82ee-gbj5.json,82ee-gbj5,V12.8: City-filtered from Collin County TX
frisco,Frisco,TX,city,socrata,YES,https://data.texas.gov/resource/82ee-gbj5.json,82ee-gbj5,V12.8: City-filtered from Collin County TX
scottsdale,Scottsdale,AZ,city,arcgis,YES,https://maps.scottsdaleaz.gov/arcgis/rest/services/OpenData_Tabular/MapServer/12/query,OpenData_Tabular_12,"V18: Replaced fabricated Socrata with real ArcGIS MapServer — premium data: Owner, Builder, Responsi..."
chandler,Chandler,AZ,city,socrata,NO,https://data.chandleraz.gov/resource/5m2q-g7d3.json,5m2q-g7d3,V12.6: Deactivated — fabricated Socrata domain
gilbert,Gilbert,AZ,city,arcgis,YES,https://maps.gilbertaz.gov/arcgis/rest/services/OD/Growth_Development_Tables_1/MapServer/3/query,Growth_Development_Tables_1,
tempe,Tempe,AZ,city,arcgis,YES,https://services.arcgis.com/lQySeXwbBg53XWDi/arcgis/rest/services/building_permits/FeatureServer/0/query,building_permits,
glendale_az,Glendale,AZ,city,socrata,NO,https://data.glendaleaz.com/resource/7yh3-dj5n.json,7yh3-dj5n,V12.6: Deactivated — fabricated Socrata domain
peoria,Peoria,AZ,city,arcgis,YES,https://gis.peoriaaz.gov/arcgis/rest/services/Accela/Peoria_Building_Permit_All/MapServer/3/query,Peoria_Building_Permit_All,
henderson,Henderson,NV,city,socrata,NO,https://data.cityofhenderson.com/resource/qnhj-78ds.json,qnhj-78ds,Duplicate of henderson_nv — fabricated Socrata domain
north_las_vegas,North Las Vegas,NV,city,socrata,NO,https://data.cityofnorthlasvegas.com/resource/6dkr-hqx8.json,6dkr-hqx8,V12.6: Deactivated — fabricated Socrata domain
reno,Reno,NV,city,socrata,NO,https://data.reno.gov/resource/57xk-84gm.json,57xk-84gm,V12.6: Deactivated — fabricated Socrata domain
colorado_springs,Colorado Springs,CO,city,socrata,NO,https://data.coloradosprings.gov/resource/pk4m-9d7v.json,pk4m-9d7v,V12.6: Deactivated — fabricated Socrata domain
aurora_co,Aurora,CO,city,arcgis,YES,https://ags.auroragov.org/aurora/rest/services/OpenData/MapServer/156/query,OpenData_MapServer_156,"V18: Replaced fabricated Socrata with real ArcGIS MapServer — permit type, valuation, work descripti..."
st_petersburg,St. Petersburg,FL,city,socrata,NO,https://data.stpete.org/resource/qvn3-8vpt.json,qvn3-8vpt,V12.6: Deactivated — fabricated Socrata domain
hialeah,Hialeah,FL,city,socrata,NO,https://data.hialeahfl.gov/resource/y4hk-p9qr.json,y4hk-p9qr,V12.6: Deactivated — fabricated Socrata domain
port_st_lucie,Port St. Lucie,FL,city,socrata,NO,https://data.cityofpsl.com/resource/x8kr-5bnv.json,x8kr-5bnv,V12.6: Deactivated — fabricated Socrata domain
cape_coral,Cape Coral,FL,city,arcgis,YES,https://capeims.capecoral.gov/arcgis/rest/services/OpenData/OpenData/MapServer/1/query,OpenData_MapServer_1,V19: Replaced fabricated Socrata with real ArcGIS MapServer from capeims.capecoral.gov. ULTRA rich: ...
tallahassee,Tallahassee,FL,city,arcgis,YES,https://intervector.leoncountyfl.gov/intervector/rest/services/MapServices/TLC_OverlayPermitsActive_D_WM/MapServer/0/query,TLC_OverlayPermitsActive_D_WM,V18: Replaced fabricated Socrata with real Leon County ArcGIS MapServer — ULTRA premium: ContractorP...
fort_lauderdale,Fort Lauderdale,FL,city,arcgis,YES,https://gis.fortlauderdale.gov/server/rest/services/BuildingPermits/FeatureServer/0/query,BuildingPermits_FtLauderdale,"V18: Replaced fabricated Socrata with real City ArcGIS FeatureServer — PERMITID, PERMITTYPE, SUBMITD..."
pembroke_pines,Pembroke Pines,FL,city,socrata,NO,https://data.ppines.com/resource/6n8c-3pxq.json,6n8c-3pxq,V12.6: Deactivated — fabricated Socrata domain. Manual research: Uses Energov (Tyler Technologies) w...
hollywood,Hollywood,FL,city,socrata,NO,https://data.hollywoodfl.org/resource/8g4v-dhkx.json,8g4v-dhkx,V12.6: Deactivated — fabricated Socrata domain
miramar,Miramar,FL,city,socrata,NO,https://data.miramarfl.gov/resource/3nk8-47rx.json,3nk8-47rx,V12.6: Deactivated — fabricated Socrata domain
coral_springs,Coral Springs,FL,city,socrata,NO,https://data.coralsprings.org/resource/x5bm-4jzv.json,x5bm-4jzv,V12.6: Deactivated — fabricated Socrata domain
savannah,Savannah,GA,city,socrata,NO,https://data.savannahga.gov/resource/hqn4-57kz.json,hqn4-57kz,V12.6: Deactivated — fabricated Socrata domain
augusta,Augusta,GA,city,socrata,NO,https://data.augustaga.gov/resource/cjhr-5v8k.json,cjhr-5v8k,V12.6: Deactivated — fabricated Socrata domain
charleston,Charleston,SC,city,arcgis,YES,https://services2.arcgis.com/tQaXW7Zb1Vphzvgd/arcgis/rest/services/New_Construction_Permits/FeatureServer/0/query,New_Construction_Permits,
columbia_sc,Columbia,SC,city,socrata,NO,https://data.columbiasc.gov/resource/7hs3-xzv4.json,7hs3-xzv4,V12.6: Deactivated — fabricated Socrata domain
durham,Durham,NC,city,arcgis,YES,https://webgis2.durhamnc.gov/server/rest/services/PublicServices/Tables/MapServer/2/query,DurhamNC_AllBuildingPermits,V19: Replaced fabricated Socrata with real ArcGIS MapServer from Open.Data_DurhamNC. Rich data: 5 se...
greensboro,Greensboro,NC,city,arcgis,YES,https://gis.greensboro-nc.gov/arcgis/rest/services/OpenGateCity/OpenData_HRES_DS/MapServer/2/query,OpenData_HRES_DS_MapServer_2,"V18: Replaced fabricated Socrata with real ArcGIS MapServer — premium data: OwnerName, Contractor, T..."
winston_salem,Winston-Salem,NC,city,socrata,NO,https://data.cityofws.org/resource/pbnm-6zxt.json,pbnm-6zxt,V12.6: Deactivated — fabricated Socrata domain
birmingham,Birmingham,AL,city,socrata,NO,https://data.birminghamal.gov/resource/8ghm-xr5v.json,8ghm-xr5v,V12.6: Deactivated — fabricated Socrata domain
montgomery,Montgomery,AL,city,socrata,NO,https://data.montgomeryal.gov/resource/5zx4-jsnr.json,5zx4-jsnr,V12.6: Deactivated — fabricated Socrata domain
mobile,Mobile,AL,city,socrata,NO,https://data.cityofmobile.org/resource/9vkt-h7xz.json,9vkt-h7xz,V12.6: Deactivated — fabricated Socrata domain
jackson,Jackson,MS,city,socrata,NO,https://data.jacksonms.gov/resource/q8nr-2bzx.json,q8nr-2bzx,V12.6: Deactivated — fabricated Socrata domain
lincoln,Lincoln,NE,city,socrata,NO,https://data.lincoln.ne.gov/resource/q5bm-4zkr.json,q5bm-4zkr,V12.6: Deactivated — fabricated Socrata domain
wichita,Wichita,KS,city,socrata,NO,https://data.wichita.gov/resource/3vnz-ph8k.json,3vnz-ph8k,V12.6: Deactivated — fabricated Socrata domain
des_moines,Des Moines,IA,city,socrata,NO,https://data.dsm.city/resource/8qnp-cj7r.json,8qnp-cj7r,V12.6: Deactivated — fabricated Socrata domain
cedar_rapids,Cedar Rapids,IA,city,socrata,NO,https://data.cedar-rapids.org/resource/6zkr-v5qm.json,6zkr-v5qm,V12.6: Deactivated — fabricated Socrata domain
madison,Madison,WI,city,socrata,NO,https://data.cityofmadison.com/resource/e9pn-3jmv.json,e9pn-3jmv,V12.6: Deactivated — fabricated Socrata domain
grand_rapids,Grand Rapids,MI,city,socrata,NO,https://data.grcity.us/resource/p5hm-8zqd.json,p5hm-8zqd,V12.6: Deactivated — fabricated Socrata domain
ann_arbor,Ann Arbor,MI,city,socrata,NO,https://data.a2gov.org/resource/vbrt-4j8n.json,vbrt-4j8n,V12.6: Deactivated — fabricated Socrata domain
lansing,Lansing,MI,city,socrata,NO,https://data.lansingmi.gov/resource/7qpm-xd4z.json,7qpm-xd4z,V12.6: Deactivated — fabricated Socrata domain
toledo,Toledo,OH,city,socrata,NO,https://data.toledo.oh.gov/resource/5qm2-v8hr.json,5qm2-v8hr,V12.6: Deactivated — fabricated Socrata domain
akron,Akron,OH,city,socrata,NO,https://data.akronohio.gov/resource/pn8h-d4qk.json,pn8h-d4qk,V12.6: Deactivated — fabricated Socrata domain
dayton,Dayton,OH,city,socrata,NO,https://data.dayton.gov/resource/8nbz-3qm5.json,8nbz-3qm5,V12.6: Deactivated — fabricated Socrata domain
springfield_mo,Springfield,MO,city,socrata,NO,https://data.springfieldmo.gov/resource/7j8r-5kqh.json,7j8r-5kqh,V12.6: Deactivated — fabricated Socrata domain
newark,Newark,NJ,city,socrata,NO,https://data.ci.newark.nj.us/resource/q6jv-h5km.json,q6jv-h5km,V12.32: Deactivated — covered by nj_statewide bulk source
johns_creek_ga,Johns Creek,GA,city,arcgis,YES,https://services1.arcgis.com/bqfNVPUK3HOnCFmA/arcgis/rest/services/Building_Permits_Issued/FeatureServer/0/query,Building_Permits_Issued_FeatureServer_0,V12.7: New — Johns Creek permits via ArcGIS FeatureServer (DataHub). Data current Dec 2025. Includes...
jersey_city,Jersey City,NJ,city,socrata,NO,https://data.jerseycitynj.gov/resource/8thx-r4mk.json,8thx-r4mk,V12.32: Deactivated — covered by nj_statewide bulk source
paterson,Paterson,NJ,city,socrata,NO,https://data.patersonnj.gov/resource/5qnz-4xkr.json,5qnz-4xkr,V12.32: Deactivated — covered by nj_statewide bulk source
buffalo,Buffalo,NY,city,socrata,YES,https://data.buffalony.gov/resource/7f3h-uj5i.json,7f3h-uj5i,"V12.39: Fixed endpoint to 7f3h-uj5i, reactivated"
rochester,Rochester,NY,city,socrata,NO,https://data.cityofrochester.gov/resource/h8qv-5xmk.json,h8qv-5xmk,V12.6: Deactivated — fabricated Socrata domain
yonkers,Yonkers,NY,city,socrata,NO,https://data.yonkersny.gov/resource/7bk3-q5zx.json,7bk3-q5zx,V12.6: Deactivated — fabricated Socrata domain
syracuse,Syracuse,NY,city,socrata,NO,https://data.syrgov.net/resource/2mnk-8qph.json,2mnk-8qph,V12.6: Deactivated — fabricated Socrata domain
providence,Providence,RI,city,socrata,NO,https://data.providenceri.gov/resource/q5bm-3xzk.json,q5bm-3xzk,V12.6: Deactivated — fabricated Socrata domain
worcester,Worcester,MA,city,socrata,NO,https://data.worcesterma.gov/resource/8vnk-5qjz.json,8vnk-5qjz,V12.6: Deactivated — fabricated Socrata domain
springfield_ma,Springfield,MA,city,socrata,NO,https://data.springfield-ma.gov/resource/5hxk-q3rm.json,5hxk-q3rm,V12.6: Deactivated — fabricated Socrata domain
lowell,Lowell,MA,city,socrata,NO,https://data.lowellma.gov/resource/7nzk-4qxh.json,7nzk-4qxh,V12.6: Deactivated — fabricated Socrata domain
hartford,Hartford,CT,city,socrata,NO,https://data.hartford.gov/resource/3nkv-8qzh.json,3nkv-8qzh,V12.6: Deactivated — fabricated Socrata domain
new_haven,New Haven,CT,city,socrata,NO,https://data.newhavenct.gov/resource/8qxm-v5zh.json,8qxm-v5zh,V12.6: Deactivated — fabricated Socrata domain
bridgeport,Bridgeport,CT,city,socrata,NO,https://data.bridgeportct.gov/resource/4nmz-8qkv.json,4nmz-8qkv,V12.6: Deactivated — fabricated Socrata domain
stamford,Stamford,CT,city,socrata,NO,https://data.stamfordct.gov/resource/5qzk-7rxm.json,5qzk-7rxm,V12.6: Deactivated — fabricated Socrata domain
manchester,Manchester,NH,city,socrata,NO,https://data.manchesternh.gov/resource/8bnx-qkzm.json,8bnx-qkzm,V12.6: Deactivated — fabricated Socrata domain
burlington,Burlington,VT,city,socrata,NO,https://data.burlingtonvt.gov/resource/3qkz-5xvm.json,3qkz-5xvm,V12.6: Deactivated — fabricated Socrata domain
portland_me,Portland,ME,city,socrata,NO,https://data.portlandmaine.gov/resource/7xkn-4qzm.json,7xkn-4qzm,V12.6: Deactivated — fabricated Socrata domain
tacoma,Tacoma,WA,city,arcgis,YES,https://services3.arcgis.com/SCwJH1pD8WSn5T5y/arcgis/rest/services/accela_permit_data/FeatureServer/0/query,accela_permit_data,"V12.32: Verified live — Accela data, has applicant_name, valuation, permit categories"
spokane,Spokane,WA,city,arcgis,YES,https://services.spokanegis.org/arcgis/rest/services/Permit/Permit_WM_Dynamic2/MapServer/0/query,Permit_WM_Dynamic2_0,"V12.32: Verified live — MapServer on spokanegis.org, building+planning+engineering permits"
bellevue,Bellevue,WA,city,arcgis,YES,https://services1.arcgis.com/EYzEZbDhXZjURPbP/arcgis/rest/services/Bellevue_Permits/FeatureServer/0/query,Bellevue_Permits,
vancouver_wa,Vancouver,WA,city,socrata,NO,https://data.cityofvancouver.us/resource/3nkz-8qxm.json,3nkz-8qxm,V12.6: Deactivated — fabricated Socrata domain
eugene,Eugene,OR,city,socrata,NO,https://data.eugene-or.gov/resource/7qkn-5xzm.json,7qkn-5xzm,V12.6: Deactivated — fabricated Socrata domain
salem,Salem,OR,city,arcgis,YES,https://services.arcgis.com/kIA6yS9KDGqZL7U3/arcgis/rest/services/Structure_Permits/FeatureServer/0/query,Structure_Permits,
boise,Boise,ID,city,arcgis,YES,https://services1.arcgis.com/WHM6qC35aMtyAAlN/arcgis/rest/services/Housing_OpenData/FeatureServer/0/query,Housing_OpenData_NewResidentialPermits,"V12.32: Verified live — residential permits only, DateOnly format YYYY-MM-DD"
provo,Provo,UT,city,socrata,NO,https://data.provo.org/resource/7qnk-4xzm.json,7qnk-4xzm,V12.6: Deactivated — fabricated Socrata domain
west_valley_city,West Valley City,UT,city,socrata,NO,https://data.wvc-ut.gov/resource/3nkz-7qxm.json,3nkz-7qxm,
anchorage,Anchorage,AK,city,socrata,NO,https://data.muni.org/resource/5qnz-8kxm.json,5qnz-8kxm,"V12.3: Deactivated — fabricated dataset_id, needs research"
billings,Billings,MT,city,socrata,NO,https://data.billingsmt.gov/resource/8qnk-5xzm.json,8qnk-5xzm,
missoula,Missoula,MT,city,socrata,NO,https://data.ci.missoula.mt.us/resource/4qnz-7kxm.json,4qnz-7kxm,"V12.3: Deactivated — fabricated dataset_id, needs research"
cheyenne,Cheyenne,WY,city,socrata,NO,https://data.cheyennecity.org/resource/3nkz-8qxm.json,3nkz-8qxm,V12.6: Deactivated — fabricated Socrata domain
sioux_falls,Sioux Falls,SD,city,arcgis,YES,https://gis.siouxfalls.gov/arcgis/rest/services/Data/Community/MapServer/3/query,Community_MapServer_3,V19: Replaced fabricated Socrata with real ArcGIS MapServer from gis.siouxfalls.gov. Has permit type...
fargo,Fargo,ND,city,socrata,NO,https://data.fargond.gov/resource/5nkz-8qxm.json,5nkz-8qxm,
fayetteville_nc,Fayetteville,NC,city,socrata,NO,https://data.fayettevillenc.gov/resource/8qnz-4kxm.json,8qnz-4kxm,
cary,Cary,NC,city,socrata,NO,https://data.townofcary.org/resource/9qnz-5kxm.json,9qnz-5kxm,
wilmington_nc,Wilmington,NC,city,arcgis,YES,https://gis.nhcgov.com/server/rest/services/Thematic/BuildingPermits/MapServer/0/query,BuildingPermits,
charleston_sc,Charleston,SC,city,socrata,NO,https://data.charleston-sc.gov/resource/3rnz-7kxm.json,3rnz-7kxm,
greenville_sc,Greenville,SC,city,socrata,NO,https://data.greenvillesc.gov/resource/5rnz-9kxm.json,5rnz-9kxm,
myrtle_beach,Myrtle Beach,SC,city,arcgis,YES,https://www.horrycounty.org/gisweb/rest/services/Public/PermitsActive/MapServer/0/query,PermitsActive,V12.6: Reactivated — switched from fabricated Socrata to Horry County ArcGIS. County-wide data inclu...
murfreesboro_tn,Murfreesboro,TN,city,arcgis,YES,https://maps.murfreesborotn.gov/server/rest/services/BuildingCodes/Permits/MapServer/1/query,BuildingCodes_Permits,V12.6: New — ArcGIS MapServer layer 1. PRMT_TYPE is integer code (101=residential). Data current thr...
asheville_nc,Asheville,NC,city,arcgis,YES,https://gis.ashevillenc.gov/server/rest/services/Permits/AccelaPermitsView/MapServer/2/query,AccelaPermitsView,V12.6: New — Accela permits via ArcGIS. Rich data with record_type hierarchy (group/category/type/su...
deltona_fl,Deltona,FL,city,arcgis,YES,https://maps5.vcgov.org/arcgis/rest/services/CurrentProjects/MapServer/1/query,CurrentProjects_Permits,"V12.7: New — Volusia County AMANDA permits via ArcGIS. County-wide (includes Deltona, DeLand, Orange..."
bellingham_wa,Bellingham,WA,city,arcgis,YES,https://maps.cob.org/arcgis3/rest/services/Maps/Permits/MapServer/0/query,Permits_MapServer_0,V12.7: New — City of Bellingham permits via ArcGIS MapServer. Data current Mar 2026. Includes buildi...
richmond,Richmond,VA,city,socrata,NO,https://data.richmondgov.com/resource/7rnz-5kxm.json,7rnz-5kxm,
norfolk,Norfolk,VA,city,socrata,NO,https://data.norfolk.gov/resource/bnrb-u445.json,bnrb-u445,Mixed permits/inspections dataset; filter by permit_type='Building' for building permits only.
chesapeake,Chesapeake,VA,city,socrata,NO,https://data.cityofchesapeake.net/resource/2snz-8kxm.json,2snz-8kxm,
arlington_va,Arlington,VA,city,socrata,NO,https://data.arlingtonva.us/resource/3snz-9kxm.json,3snz-9kxm,
alexandria_va,Alexandria,VA,city,socrata,NO,https://data.alexandriava.gov/resource/4snz-4kxm.json,4snz-4kxm,
annapolis,Annapolis,MD,city,socrata,NO,https://data.annapolis.gov/resource/6snz-6kxm.json,6snz-6kxm,
rockville,Rockville,MD,city,socrata,YES,https://data.montgomerycountymd.gov/resource/qxie-8qnp.json,qxie-8qnp,V12.8: City-filtered from Montgomery County MD
allentown,Allentown,PA,city,socrata,NO,https://data.allentownpa.gov/resource/2tnz-3kxm.json,2tnz-3kxm,
erie,Erie,PA,city,socrata,NO,https://data.erie.pa.us/resource/3tnz-4kxm.json,3tnz-4kxm,
scranton,Scranton,PA,city,socrata,NO,https://data.scrantonpa.gov/resource/4tnz-5kxm.json,4tnz-5kxm,
wilmington_de,Wilmington,DE,city,socrata,NO,https://data.wilmingtonde.gov/resource/6tnz-7kxm.json,6tnz-7kxm,
dover,Dover,DE,city,socrata,NO,https://data.dover.de.us/resource/7tnz-8kxm.json,7tnz-8kxm,
charleston_wv,Charleston,WV,city,socrata,NO,https://data.charlestonwv.gov/resource/8tnz-9kxm.json,8tnz-9kxm,
fort_wayne,Fort Wayne,IN,city,socrata,NO,https://data.cityoffortwayne.org/resource/2unz-3kxm.json,2unz-3kxm,
evansville,Evansville,IN,city,socrata,NO,https://data.evansvillegov.org/resource/3unz-4kxm.json,3unz-4kxm,
south_bend,South Bend,IN,city,socrata,NO,https://data.southbendin.gov/resource/4unz-5kxm.json,4unz-5kxm,
lexington,Lexington,KY,city,socrata,NO,https://data.lexingtonky.gov/resource/6unz-7kxm.json,6unz-7kxm,
bowling_green_ky,Bowling Green,KY,city,socrata,NO,https://data.bgky.org/resource/7unz-8kxm.json,7unz-8kxm,
knoxville,Knoxville,TN,city,arcgis,YES,https://services1.arcgis.com/QWaOgwdmpqI9HUzf/arcgis/rest/services/LDTM_Permits/FeatureServer/0/query,LDTM_Permits,"V18: Replaced fabricated Socrata with real ArcGIS — premium data: OWNER, CONTRACTOR, PERMITVALU, SQF..."
chattanooga,Chattanooga,TN,city,arcgis,YES,https://services2.arcgis.com/cclAu9OKhOfjeUdr/arcgis/rest/services/Chatt_permits_to_12_31_2025/FeatureServer/0/query,Chatt_permits_to_12_31_2025,V19: Replaced dead Socrata endpoint with ArcGIS FeatureServer from Chattanooga-Hamilton County Regio...
huntsville,Huntsville,AL,city,socrata,NO,https://data.huntsvilleal.gov/resource/5vnz-6kxm.json,5vnz-6kxm,
jackson_ms,Jackson,MS,city,socrata,NO,https://data.jacksonms.gov/resource/8vnz-9kxm.json,8vnz-9kxm,
gulfport,Gulfport,MS,city,socrata,NO,https://data.gulfport-ms.gov/resource/9vnz-2kxm.json,9vnz-2kxm,
shreveport,Shreveport,LA,city,socrata,NO,https://data.shreveportla.gov/resource/4wnz-5kxm.json,4wnz-5kxm,
lafayette_la,Lafayette,LA,city,socrata,NO,https://data.lafayettela.gov/resource/5wnz-6kxm.json,5wnz-6kxm,
fayetteville_ar,Fayetteville,AR,city,socrata,NO,https://data.fayetteville-ar.gov/resource/7wnz-8kxm.json,7wnz-8kxm,
tulsa,Tulsa,OK,city,socrata,NO,https://data.tulsaok.gov/resource/9wnz-2kxm.json,9wnz-2kxm,
norman,Norman,OK,city,socrata,NO,https://data.normanok.gov/resource/2xnz-3kxm.json,2xnz-3kxm,
kansas_city_mo,Kansas City,MO,city,socrata,NO,https://data.kcmo.org/resource/3xnz-4kxm.json,3xnz-4kxm,
kansas_city_ks,Kansas City,KS,city,socrata,NO,https://data.wycokck.org/resource/4xnz-5kxm.json,4xnz-5kxm,
overland_park,Overland Park,KS,city,socrata,NO,https://data.opkansas.org/resource/5xnz-6kxm.json,5xnz-6kxm,
topeka,Topeka,KS,city,socrata,NO,https://data.topeka.org/resource/6xnz-7kxm.json,6xnz-7kxm,
minneapolis,Minneapolis,MN,city,arcgis,YES,https://services.arcgis.com/afSMGVsC7QlRK1kZ/arcgis/rest/services/CCS_Permits/FeatureServer/0/query,CCS_Permits,"V19: Enriched field map — owner (fullName), applicant address, totalFees, neighborhood, ward, lat/lo..."
st_paul,St. Paul,MN,city,arcgis,YES,https://services1.arcgis.com/9meaaHE3uiba0zr8/arcgis/rest/services/Building_Permits_/FeatureServer/0/query,Building_Permits_StPaul,"V19: Full 21-field map — contractor name+address, permit subtype, work type, est value + state valua..."
rochester_mn,Rochester,MN,city,socrata,NO,https://data.rochestermn.gov/resource/9xnz-2kxm.json,9xnz-2kxm,
duluth,Duluth,MN,city,socrata,NO,https://data.duluthmn.gov/resource/2ynz-3kxm.json,2ynz-3kxm,
macon,Macon,GA,city,socrata,NO,https://data.maconbibb.us/resource/6ynz-7kxm.json,6ynz-7kxm,
athens_ga,Athens,GA,city,socrata,NO,https://data.accgov.com/resource/7ynz-8kxm.json,7ynz-8kxm,
santa_rosa,Santa Rosa,CA,city,socrata,NO,https://data.srcity.org/resource/8znz-9kxm.json,8znz-9kxm,
hayward,Hayward,CA,city,socrata,NO,https://data.hayward-ca.gov/resource/9znz-2kxm.json,9znz-2kxm,
sunnyvale,Sunnyvale,CA,city,socrata,NO,https://data.sunnyvale.ca.gov/resource/2anz-3kxm.json,2anz-3kxm,
pasadena,Pasadena,CA,city,arcgis,YES,https://services2.arcgis.com/zNjnZafDYCAJAbN0/arcgis/rest/services/Active_Building_Permits_view/FeatureServer/0/query,Active_Building_Permits_view,"Limited fields: no date, status, or cost. Only active permits snapshot."
torrance,Torrance,CA,city,socrata,NO,https://data.torranceca.gov/resource/4anz-5kxm.json,4anz-5kxm,
pomona,Pomona,CA,city,socrata,NO,https://data.ci.pomona.ca.us/resource/5anz-6kxm.json,5anz-6kxm,
escondido,Escondido,CA,city,socrata,NO,https://data.escondido.org/resource/6anz-7kxm.json,6anz-7kxm,
salinas,Salinas,CA,city,socrata,NO,https://data.cityofsalinas.org/resource/7anz-8kxm.json,7anz-8kxm,
lancaster_ca,Lancaster,CA,city,socrata,NO,https://data.cityoflancasterca.org/resource/8anz-9kxm.json,8anz-9kxm,V12.6: Deactivated — fabricated Socrata domain. Manual research: ArcGIS Hub exists but no building p...
palmdale,Palmdale,CA,city,socrata,NO,https://data.cityofpalmdale.org/resource/9anz-2kxm.json,9anz-2kxm,V12.6: Deactivated — fabricated Socrata domain. Manual research: ArcGIS Geospatial Hub has no buildi...
elk_grove,Elk Grove,CA,city,socrata,NO,https://data.elkgrovecity.org/resource/2bnz-3kxm.json,2bnz-3kxm,
victorville,Victorville,CA,city,socrata,NO,https://data.victorvilleca.gov/resource/4bnz-5kxm.json,4bnz-5kxm,
concord,Concord,CA,city,socrata,NO,https://data.cityofconcord.org/resource/5bnz-6kxm.json,5bnz-6kxm,
vallejo,Vallejo,CA,city,socrata,NO,https://data.cityofvallejo.net/resource/7bnz-8kxm.json,7bnz-8kxm,
berkeley,Berkeley,CA,city,socrata,NO,https://data.cityofberkeley.info/resource/8bnz-9kxm.json,8bnz-9kxm,
daly_city,Daly City,CA,city,socrata,NO,https://data.dalycity.org/resource/9bnz-2kxm.json,9bnz-2kxm,
el_monte,El Monte,CA,city,socrata,NO,https://data.elmonteca.gov/resource/2cnz-3kxm.json,2cnz-3kxm,
downey,Downey,CA,city,socrata,NO,https://data.downeyca.org/resource/3cnz-4kxm.json,3cnz-4kxm,
mcallen,McAllen,TX,city,socrata,NO,https://data.mcallen.gov/resource/4cnz-5kxm.json,4cnz-5kxm,
midland,Midland,TX,city,socrata,NO,https://data.midlandtexas.gov/resource/5cnz-6kxm.json,5cnz-6kxm,
odessa,Odessa,TX,city,socrata,NO,https://data.odessa-tx.gov/resource/6cnz-7kxm.json,6cnz-7kxm,
beaumont,Beaumont,TX,city,socrata,NO,https://data.beaumonttexas.gov/resource/7cnz-8kxm.json,7cnz-8kxm,
abilene,Abilene,TX,city,socrata,NO,https://data.abilenetx.gov/resource/8cnz-9kxm.json,8cnz-9kxm,
waco,Waco,TX,city,socrata,NO,https://data.waco-texas.com/resource/9cnz-2kxm.json,9cnz-2kxm,
tyler,Tyler,TX,city,socrata,NO,https://data.tylertexas.com/resource/2dnz-3kxm.json,2dnz-3kxm,
round_rock,Round Rock,TX,city,socrata,YES,https://data.wcad.org/resource/fqhf-gyjx.json,fqhf-gyjx,V12.14: City-filtered from Williamson County TX
pearland,Pearland,TX,city,socrata,NO,https://data.pearlandtx.gov/resource/5dnz-6kxm.json,5dnz-6kxm,
hollywood_fl,Hollywood,FL,city,socrata,NO,https://data.hollywoodfl.org/resource/9dnz-2kxm.json,9dnz-2kxm,
gainesville_fl,Gainesville,FL,city,socrata,NO,https://data.cityofgainesville.org/resource/p798-x3nx.json,p798-x3nx,V12.60: Gainesville FL building permits. Deactivated - duplicate of gainesville.
lehigh_acres,Lehigh Acres,FL,city,socrata,NO,https://data.leecountyfl.gov/resource/5enz-6kxm.json,5enz-6kxm,
palm_bay,Palm Bay,FL,city,socrata,NO,https://data.palmbayflorida.org/resource/6enz-7kxm.json,6enz-7kxm,
lakeland,Lakeland,FL,city,socrata,NO,https://data.lakelandgov.net/resource/7enz-8kxm.json,7enz-8kxm,
surprise,Surprise,AZ,city,socrata,NO,https://data.surpriseaz.gov/resource/8enz-9kxm.json,8enz-9kxm,
avondale,Avondale,AZ,city,socrata,NO,https://data.avondaleaz.gov/resource/9enz-2kxm.json,9enz-2kxm,
goodyear,Goodyear,AZ,city,socrata,NO,https://data.goodyearaz.gov/resource/2fnz-3kxm.json,2fnz-3kxm,
buckeye,Buckeye,AZ,city,socrata,NO,https://data.buckeyeaz.gov/resource/3fnz-4kxm.json,3fnz-4kxm,
casa_grande,Casa Grande,AZ,city,socrata,NO,https://data.casagrandeaz.gov/resource/4fnz-5kxm.json,4fnz-5kxm,
sparks,Sparks,NV,city,socrata,NO,https://data.cityofsparks.us/resource/6fnz-7kxm.json,6fnz-7kxm,
rio_rancho,Rio Rancho,NM,city,socrata,NO,https://data.rrnm.gov/resource/7fnz-8kxm.json,7fnz-8kxm,
las_cruces,Las Cruces,NM,city,arcgis,YES,https://maps.las-cruces.org/gis/rest/services/Information_Services/MapServer/1/query,Information_Services,
santa_fe,Santa Fe,NM,city,socrata,NO,https://data.santafenm.gov/resource/9fnz-2kxm.json,9fnz-2kxm,
green_bay,Green Bay,WI,city,socrata,NO,https://data.greenbaywi.gov/resource/2gnz-3kxm.json,2gnz-3kxm,
kenosha,Kenosha,WI,city,socrata,NO,https://data.kenosha.org/resource/3gnz-4kxm.json,3gnz-4kxm,
racine,Racine,WI,city,socrata,NO,https://data.cityofracine.org/resource/4gnz-5kxm.json,4gnz-5kxm,
appleton,Appleton,WI,city,socrata,NO,https://data.appleton.org/resource/5gnz-6kxm.json,5gnz-6kxm,
davenport,Davenport,IA,city,socrata,NO,https://data.cityofdavenportiowa.com/resource/6gnz-7kxm.json,6gnz-7kxm,
sioux_city,Sioux City,IA,city,socrata,NO,https://data.sioux-city.org/resource/7gnz-8kxm.json,7gnz-8kxm,
iowa_city,Iowa City,IA,city,socrata,NO,https://data.icgov.org/resource/8gnz-9kxm.json,8gnz-9kxm,
council_bluffs,Council Bluffs,IA,city,socrata,NO,https://data.councilbluffs-ia.gov/resource/9gnz-2kxm.json,9gnz-2kxm,
grand_island,Grand Island,NE,city,socrata,NO,https://data.grand-island.com/resource/2hnz-3kxm.json,2hnz-3kxm,
kearney,Kearney,NE,city,socrata,NO,https://data.cityofkearney.org/resource/3hnz-4kxm.json,3hnz-4kxm,
trenton,Trenton,NJ,city,socrata,NO,https://data.trentonnj.org/resource/4hnz-5kxm.json,4hnz-5kxm,V12.32: Deactivated — covered by nj_statewide bulk source
camden,Camden,NJ,city,socrata,NO,https://data.ci.camden.nj.us/resource/5hnz-6kxm.json,5hnz-6kxm,V12.32: Deactivated — covered by nj_statewide bulk source
elizabeth,Elizabeth,NJ,city,socrata,NO,https://data.elizabethnj.org/resource/6hnz-7kxm.json,6hnz-7kxm,V12.32: Deactivated — covered by nj_statewide bulk source
clifton,Clifton,NJ,city,socrata,NO,https://data.cliftonnj.org/resource/7hnz-8kxm.json,7hnz-8kxm,V12.32: Deactivated — covered by nj_statewide bulk source
new_brunswick,New Brunswick,NJ,city,socrata,NO,https://data.cityofnewbrunswick.org/resource/8hnz-9kxm.json,8hnz-9kxm,V12.32: Deactivated — covered by nj_statewide bulk source
cambridge_ma,Cambridge,MA,city,socrata,YES,https://data.cambridgema.gov/resource/9qm7-wbdc.json,9qm7-wbdc,
quincy_ma,Quincy,MA,city,socrata,NO,https://data.quincyma.gov/resource/2inz-3kxm.json,2inz-3kxm,
newton_ma,Newton,MA,city,socrata,NO,https://data.newtonma.gov/resource/3inz-4kxm.json,3inz-4kxm,
waterbury,Waterbury,CT,city,socrata,NO,https://data.waterburyct.org/resource/5inz-6kxm.json,5inz-6kxm,
danbury,Danbury,CT,city,socrata,NO,https://data.danbury-ct.gov/resource/6inz-7kxm.json,6inz-7kxm,
norwalk,Norwalk,CT,city,socrata,NO,https://data.norwalkct.org/resource/7inz-8kxm.json,7inz-8kxm,
meriden,Meriden,CT,city,socrata,NO,https://data.meridenct.gov/resource/8inz-9kxm.json,8inz-9kxm,
schenectady,Schenectady,NY,city,socrata,NO,https://data.cityofschenectady.com/resource/9inz-2kxm.json,9inz-2kxm,
utica,Utica,NY,city,socrata,NO,https://data.cityofutica.com/resource/2jnz-3kxm.json,2jnz-3kxm,
binghamton,Binghamton,NY,city,socrata,NO,https://data.binghamton-ny.gov/resource/3jnz-4kxm.json,3jnz-4kxm,
troy,Troy,NY,city,socrata,NO,https://data.troyny.gov/resource/4jnz-5kxm.json,4jnz-5kxm,
newport_beach_ca,Newport Beach,CA,city,arcgis,YES,https://nbgis.newportbeachca.gov/arcgis/rest/services/DashBuildingPermits/FeatureServer/0/query,DashBuildingPermits_FeatureServer_0,V12.7: New — Newport Beach permits via ArcGIS FeatureServer. Data current Mar 2026. Includes buildin...
new_rochelle,New Rochelle,NY,city,socrata,NO,https://data.newrochelleny.com/resource/5jnz-6kxm.json,5jnz-6kxm,
mount_vernon,Mount Vernon,NY,city,socrata,NO,https://data.cmvny.com/resource/6jnz-7kxm.json,6jnz-7kxm,
white_plains,White Plains,NY,city,socrata,NO,https://data.cityofwhiteplains.com/resource/7jnz-8kxm.json,7jnz-8kxm,
cranston,Cranston,RI,city,socrata,NO,https://data.cranstonri.org/resource/8jnz-9kxm.json,8jnz-9kxm,
warwick_ri,Warwick,RI,city,socrata,NO,https://data.warwickri.gov/resource/9jnz-2kxm.json,9jnz-2kxm,
pawtucket,Pawtucket,RI,city,socrata,NO,https://data.pawtucketri.com/resource/2knz-3kxm.json,2knz-3kxm,
fort_collins,Fort Collins,CO,city,socrata,YES,https://opendata.fcgov.com/resource/y6wr-rcc6.json,y6wr-rcc6,V12.7: Updated to real opendata.fcgov.com endpoint
lakewood_co,Lakewood,CO,city,socrata,NO,https://data.lakewood.org/resource/4knz-5kxm.json,4knz-5kxm,
thornton,Thornton,CO,city,socrata,NO,https://data.thorntonco.gov/resource/5knz-6kxm.json,5knz-6kxm,
westminster_co,Westminster,CO,city,socrata,NO,https://data.cityofwestminster.us/resource/6knz-7kxm.json,6knz-7kxm,
arvada,Arvada,CO,city,socrata,NO,https://data.arvada.org/resource/7knz-8kxm.json,7knz-8kxm,
pueblo,Pueblo,CO,city,socrata,NO,https://data.pueblo.us/resource/8knz-9kxm.json,8knz-9kxm,
boulder,Boulder,CO,city,arcgis,YES,https://services.arcgis.com/ePKBjXrBZ2vEEgWd/arcgis/rest/services/Construction_Permits/FeatureServer/0/query,Construction_Permits,
ogden,Ogden,UT,city,socrata,NO,https://data.ogdencity.com/resource/2lnz-3kxm.json,2lnz-3kxm,
layton,Layton,UT,city,socrata,NO,https://data.laytoncity.org/resource/3lnz-4kxm.json,3lnz-4kxm,
st_george,St. George,UT,city,socrata,NO,https://data.sgcity.org/resource/4lnz-5kxm.json,4lnz-5kxm,
meridian,Meridian,ID,city,socrata,NO,https://data.meridiancity.org/resource/5lnz-6kxm.json,5lnz-6kxm,
nampa,Nampa,ID,city,socrata,NO,https://data.cityofnampa.us/resource/6lnz-7kxm.json,6lnz-7kxm,
idaho_falls,Idaho Falls,ID,city,socrata,NO,https://data.idahofallsidaho.gov/resource/7lnz-8kxm.json,7lnz-8kxm,
pocatello,Pocatello,ID,city,socrata,NO,https://data.pocatello.us/resource/8lnz-9kxm.json,8lnz-9kxm,"V12.3: Deactivated — fabricated dataset_id, needs research"
houston,Houston,TX,city,ckan,NO,,,"Houston provides aggregated monthly data, not individual permits"
camas,Camas,WA,city,socrata,YES,https://performance.cityofcamas.us/resource/t4q7-r3d4.json,t4q7-r3d4,V12.7: Discovered via Socrata sweep
san_marcos,San Marcos,TX,city,arcgis,YES,https://smgis.sanmarcostx.gov/arcgis/rest/services/Planning/CoSM_BuildingPermits/FeatureServer/0/query,CoSM_BuildingPermits,V12.8: Deactivated - ArcGIS endpoint error
leon_county,Leon County,FL,city,arcgis,NO,https://intervector.leoncountyfl.gov/intervector/rest/services/MapServices/TLC_OpenData_External/MapServer/27/query,TLC_OpenData_External,V12.8: Deactivated - MapServer service not found
allen,Allen,TX,city,socrata,NO,https://data.texas.gov/resource/82ee-gbj5.json,82ee-gbj5,V12.8: City-filtered from Collin County TX
celina,Celina,TX,city,socrata,YES,https://data.texas.gov/resource/82ee-gbj5.json,82ee-gbj5,V12.8: City-filtered from Collin County TX
wylie,Wylie,TX,city,socrata,NO,https://data.texas.gov/resource/82ee-gbj5.json,82ee-gbj5,V12.8: City-filtered from Collin County TX
princeton,Princeton,TX,city,socrata,YES,https://data.texas.gov/resource/82ee-gbj5.json,82ee-gbj5,V12.8: City-filtered from Collin County TX
prosper,Prosper,TX,city,socrata,YES,https://data.texas.gov/resource/82ee-gbj5.json,82ee-gbj5,V12.8: City-filtered from Collin County TX
anna,Anna,TX,city,socrata,YES,https://data.texas.gov/resource/82ee-gbj5.json,82ee-gbj5,V12.8: City-filtered from Collin County TX
melissa,Melissa,TX,city,socrata,YES,https://data.texas.gov/resource/82ee-gbj5.json,82ee-gbj5,V12.8: City-filtered from Collin County TX
murphy,Murphy,TX,city,socrata,YES,https://data.texas.gov/resource/82ee-gbj5.json,82ee-gbj5,V12.8: City-filtered from Collin County TX
lavon,Lavon,TX,city,socrata,YES,https://data.texas.gov/resource/82ee-gbj5.json,82ee-gbj5,V12.8: City-filtered from Collin County TX
lucas,Lucas,TX,city,socrata,YES,https://data.texas.gov/resource/82ee-gbj5.json,82ee-gbj5,V12.8: City-filtered from Collin County TX
farmersville,Farmersville,TX,city,socrata,YES,https://data.texas.gov/resource/82ee-gbj5.json,82ee-gbj5,V12.8: City-filtered from Collin County TX
richardson,Richardson,TX,city,socrata,YES,https://data.texas.gov/resource/82ee-gbj5.json,82ee-gbj5,V12.8: City-filtered from Collin County TX
nevada,Nevada,TX,city,socrata,YES,https://data.texas.gov/resource/82ee-gbj5.json,82ee-gbj5,V12.8: City-filtered from Collin County TX
royse_city,Royse City,TX,city,socrata,YES,https://data.texas.gov/resource/82ee-gbj5.json,82ee-gbj5,V12.8: City-filtered from Collin County TX
fairview,Fairview,TX,city,socrata,YES,https://data.texas.gov/resource/82ee-gbj5.json,82ee-gbj5,V12.8: City-filtered from Collin County TX
sachse,Sachse,TX,city,socrata,YES,https://data.texas.gov/resource/82ee-gbj5.json,82ee-gbj5,V12.8: City-filtered from Collin County TX
josephine,Josephine,TX,city,socrata,YES,https://data.texas.gov/resource/82ee-gbj5.json,82ee-gbj5,V12.8: City-filtered from Collin County TX
blue_ridge,Blue Ridge,TX,city,socrata,YES,https://data.texas.gov/resource/82ee-gbj5.json,82ee-gbj5,V12.8: City-filtered from Collin County TX
van_alstyne,Van Alstyne,TX,city,socrata,YES,https://data.texas.gov/resource/82ee-gbj5.json,82ee-gbj5,V12.8: City-filtered from Collin County TX
rockwall,Rockwall,TX,city,socrata,YES,https://data.texas.gov/resource/82ee-gbj5.json,82ee-gbj5,V12.8: City-filtered from Collin County TX
leonard,Leonard,TX,city,socrata,YES,https://data.texas.gov/resource/82ee-gbj5.json,82ee-gbj5,V12.8: City-filtered from Collin County TX
silver_spring,Silver Spring,MD,city,socrata,YES,https://data.montgomerycountymd.gov/resource/qxie-8qnp.json,qxie-8qnp,V12.8: City-filtered from Montgomery County MD
bethesda,Bethesda,MD,city,socrata,YES,https://data.montgomerycountymd.gov/resource/qxie-8qnp.json,qxie-8qnp,V12.8: City-filtered from Montgomery County MD
potomac,Potomac,MD,city,socrata,YES,https://data.montgomerycountymd.gov/resource/qxie-8qnp.json,qxie-8qnp,V12.8: City-filtered from Montgomery County MD
gaithersburg,Gaithersburg,MD,city,socrata,YES,https://data.montgomerycountymd.gov/resource/qxie-8qnp.json,qxie-8qnp,V12.8: City-filtered from Montgomery County MD
germantown,Germantown,MD,city,socrata,YES,https://data.montgomerycountymd.gov/resource/qxie-8qnp.json,qxie-8qnp,V12.8: City-filtered from Montgomery County MD
clarksburg,Clarksburg,MD,city,socrata,YES,https://data.montgomerycountymd.gov/resource/qxie-8qnp.json,qxie-8qnp,V12.8: City-filtered from Montgomery County MD
chevy_chase,Chevy Chase,MD,city,socrata,YES,https://data.montgomerycountymd.gov/resource/qxie-8qnp.json,qxie-8qnp,V12.8: City-filtered from Montgomery County MD
kensington,Kensington,MD,city,socrata,YES,https://data.montgomerycountymd.gov/resource/qxie-8qnp.json,qxie-8qnp,V12.8: City-filtered from Montgomery County MD
olney,Olney,MD,city,socrata,YES,https://data.montgomerycountymd.gov/resource/qxie-8qnp.json,qxie-8qnp,V12.8: City-filtered from Montgomery County MD
boyds,Boyds,MD,city,socrata,YES,https://data.montgomerycountymd.gov/resource/qxie-8qnp.json,qxie-8qnp,V12.8: City-filtered from Montgomery County MD
takoma_park,Takoma Park,MD,city,socrata,YES,https://data.montgomerycountymd.gov/resource/qxie-8qnp.json,qxie-8qnp,V12.8: City-filtered from Montgomery County MD
montgomery_village,Montgomery Village,MD,city,socrata,YES,https://data.montgomerycountymd.gov/resource/qxie-8qnp.json,qxie-8qnp,V12.8: City-filtered from Montgomery County MD
damascus,Damascus,MD,city,socrata,YES,https://data.montgomerycountymd.gov/resource/qxie-8qnp.json,qxie-8qnp,V12.8: City-filtered from Montgomery County MD
burtonsville,Burtonsville,MD,city,socrata,YES,https://data.montgomerycountymd.gov/resource/qxie-8qnp.json,qxie-8qnp,V12.8: City-filtered from Montgomery County MD
brookeville,Brookeville,MD,city,socrata,YES,https://data.montgomerycountymd.gov/resource/qxie-8qnp.json,qxie-8qnp,V12.8: City-filtered from Montgomery County MD
poolesville,Poolesville,MD,city,socrata,YES,https://data.montgomerycountymd.gov/resource/qxie-8qnp.json,qxie-8qnp,V12.8: City-filtered from Montgomery County MD
sandy_spring,Sandy Spring,MD,city,socrata,YES,https://data.montgomerycountymd.gov/resource/qxie-8qnp.json,qxie-8qnp,V12.8: City-filtered from Montgomery County MD
cabin_john,Cabin John,MD,city,socrata,YES,https://data.montgomerycountymd.gov/resource/qxie-8qnp.json,qxie-8qnp,V12.8: City-filtered from Montgomery County MD
dickerson,Dickerson,MD,city,socrata,YES,https://data.montgomerycountymd.gov/resource/qxie-8qnp.json,qxie-8qnp,V12.8: City-filtered from Montgomery County MD
ashton,Ashton,MD,city,socrata,YES,https://data.montgomerycountymd.gov/resource/qxie-8qnp.json,qxie-8qnp,V12.8: City-filtered from Montgomery County MD
garrett_park,Garrett Park,MD,city,socrata,YES,https://data.montgomerycountymd.gov/resource/qxie-8qnp.json,qxie-8qnp,V12.8: City-filtered from Montgomery County MD
washington_grove,Washington Grove,MD,city,socrata,YES,https://data.montgomerycountymd.gov/resource/qxie-8qnp.json,qxie-8qnp,V12.8: City-filtered from Montgomery County MD
spencerville,Spencerville,MD,city,socrata,YES,https://data.montgomerycountymd.gov/resource/qxie-8qnp.json,qxie-8qnp,V12.8: City-filtered from Montgomery County MD
wheaton,Wheaton,MD,city,socrata,YES,https://data.montgomerycountymd.gov/resource/qxie-8qnp.json,qxie-8qnp,V12.8: City-filtered from Montgomery County MD
brinklow,Brinklow,MD,city,socrata,YES,https://data.montgomerycountymd.gov/resource/qxie-8qnp.json,qxie-8qnp,V12.8: City-filtered from Montgomery County MD
beallsville,Beallsville,MD,city,socrata,YES,https://data.montgomerycountymd.gov/resource/qxie-8qnp.json,qxie-8qnp,V12.8: City-filtered from Montgomery County MD
glen_echo,Glen Echo,MD,city,socrata,YES,https://data.montgomerycountymd.gov/resource/qxie-8qnp.json,qxie-8qnp,V12.8: City-filtered from Montgomery County MD
mount_airy,Mount Airy,MD,city,socrata,YES,https://data.montgomerycountymd.gov/resource/qxie-8qnp.json,qxie-8qnp,V12.8: City-filtered from Montgomery County MD
barnesville,Barnesville,MD,city,socrata,YES,https://data.montgomerycountymd.gov/resource/qxie-8qnp.json,qxie-8qnp,V12.8: City-filtered from Montgomery County MD
mill_valley,Mill Valley,CA,city,socrata,YES,https://data.marincounty.gov/resource/mkbn-caye.json,mkbn-caye,V12.8: City-filtered from Marin County CA
san_rafael,San Rafael,CA,city,socrata,YES,https://data.marincounty.gov/resource/mkbn-caye.json,mkbn-caye,V12.8: City-filtered from Marin County CA
kentfield,Kentfield,CA,city,socrata,YES,https://data.marincounty.gov/resource/mkbn-caye.json,mkbn-caye,V12.8: City-filtered from Marin County CA
novato,Novato,CA,city,socrata,YES,https://data.marincounty.gov/resource/mkbn-caye.json,mkbn-caye,V12.8: City-filtered from Marin County CA
san_anselmo,San Anselmo,CA,city,socrata,YES,https://data.marincounty.gov/resource/mkbn-caye.json,mkbn-caye,V12.8: City-filtered from Marin County CA
sausalito,Sausalito,CA,city,socrata,YES,https://data.marincounty.gov/resource/mkbn-caye.json,mkbn-caye,V12.8: City-filtered from Marin County CA
greenbrae,Greenbrae,CA,city,socrata,YES,https://data.marincounty.gov/resource/mkbn-caye.json,mkbn-caye,V12.8: City-filtered from Marin County CA
tiburon,Tiburon,CA,city,socrata,YES,https://data.marincounty.gov/resource/mkbn-caye.json,mkbn-caye,V12.8: City-filtered from Marin County CA
stinson_beach,Stinson Beach,CA,city,socrata,YES,https://data.marincounty.gov/resource/mkbn-caye.json,mkbn-caye,V12.8: City-filtered from Marin County CA
point_reyes_station,Point Reyes Station,CA,city,socrata,YES,https://data.marincounty.gov/resource/mkbn-caye.json,mkbn-caye,V12.8: City-filtered from Marin County CA
inverness,Inverness,CA,city,socrata,YES,https://data.marincounty.gov/resource/mkbn-caye.json,mkbn-caye,V12.8: City-filtered from Marin County CA
fairfax,Fairfax,CA,city,socrata,YES,https://data.marincounty.gov/resource/mkbn-caye.json,mkbn-caye,V12.8: City-filtered from Marin County CA
bolinas,Bolinas,CA,city,socrata,YES,https://data.marincounty.gov/resource/mkbn-caye.json,mkbn-caye,V12.8: City-filtered from Marin County CA
dillon_beach,Dillon Beach,CA,city,socrata,YES,https://data.marincounty.gov/resource/mkbn-caye.json,mkbn-caye,V12.8: City-filtered from Marin County CA
woodacre,Woodacre,CA,city,socrata,YES,https://data.marincounty.gov/resource/mkbn-caye.json,mkbn-caye,V12.8: City-filtered from Marin County CA
nicasio,Nicasio,CA,city,socrata,YES,https://data.marincounty.gov/resource/mkbn-caye.json,mkbn-caye,V12.8: City-filtered from Marin County CA
san_geronimo,San Geronimo,CA,city,socrata,YES,https://data.marincounty.gov/resource/mkbn-caye.json,mkbn-caye,V12.8: City-filtered from Marin County CA
forest_knolls,Forest Knolls,CA,city,socrata,YES,https://data.marincounty.gov/resource/mkbn-caye.json,mkbn-caye,V12.8: City-filtered from Marin County CA
lagunitas,Lagunitas,CA,city,socrata,YES,https://data.marincounty.gov/resource/mkbn-caye.json,mkbn-caye,V12.8: City-filtered from Marin County CA
petaluma,Petaluma,CA,city,socrata,YES,https://data.marincounty.gov/resource/mkbn-caye.json,mkbn-caye,V12.8: City-filtered from Marin County CA
tomales,Tomales,CA,city,socrata,YES,https://data.marincounty.gov/resource/mkbn-caye.json,mkbn-caye,V12.8: City-filtered from Marin County CA
marshall,Marshall,CA,city,socrata,YES,https://data.marincounty.gov/resource/mkbn-caye.json,mkbn-caye,V12.8: City-filtered from Marin County CA
muir_beach,Muir Beach,CA,city,socrata,YES,https://data.marincounty.gov/resource/mkbn-caye.json,mkbn-caye,V12.8: City-filtered from Marin County CA
san_quentin,San Quentin,CA,city,socrata,YES,https://data.marincounty.gov/resource/mkbn-caye.json,mkbn-caye,V12.8: City-filtered from Marin County CA
olema,Olema,CA,city,socrata,YES,https://data.marincounty.gov/resource/mkbn-caye.json,mkbn-caye,V12.8: City-filtered from Marin County CA
marin_city,Marin City,CA,city,socrata,YES,https://data.marincounty.gov/resource/mkbn-caye.json,mkbn-caye,V12.8: City-filtered from Marin County CA
corte_madera,Corte Madera,CA,city,socrata,YES,https://data.marincounty.gov/resource/mkbn-caye.json,mkbn-caye,V12.8: City-filtered from Marin County CA
cedar_park,Cedar Park,TX,city,socrata,YES,https://data.wcad.org/resource/fqhf-gyjx.json,fqhf-gyjx,V12.14: City-filtered from Williamson County TX
georgetown_tx,Georgetown,TX,city,socrata,YES,https://data.wcad.org/resource/fqhf-gyjx.json,fqhf-gyjx,V12.14: City-filtered from Williamson County TX
leander,Leander,TX,city,socrata,YES,https://data.wcad.org/resource/fqhf-gyjx.json,fqhf-gyjx,V12.14: City-filtered from Williamson County TX
taylor_tx,Taylor,TX,city,socrata,YES,https://data.wcad.org/resource/fqhf-gyjx.json,fqhf-gyjx,V12.14: City-filtered from Williamson County TX
hutto,Hutto,TX,city,socrata,YES,https://data.wcad.org/resource/fqhf-gyjx.json,fqhf-gyjx,V12.14: City-filtered from Williamson County TX
pflugerville,Pflugerville,TX,city,socrata,YES,https://data.wcad.org/resource/fqhf-gyjx.json,fqhf-gyjx,V12.14: City-filtered from Williamson County TX
liberty_hill,Liberty Hill,TX,city,socrata,YES,https://data.wcad.org/resource/fqhf-gyjx.json,fqhf-gyjx,V12.14: City-filtered from Williamson County TX
jarrell,Jarrell,TX,city,socrata,YES,https://data.wcad.org/resource/fqhf-gyjx.json,fqhf-gyjx,V12.14: City-filtered from Williamson County TX
florence_tx,Florence,TX,city,socrata,YES,https://data.wcad.org/resource/fqhf-gyjx.json,fqhf-gyjx,V12.14: City-filtered from Williamson County TX
granger_tx,Granger,TX,city,socrata,YES,https://data.wcad.org/resource/fqhf-gyjx.json,fqhf-gyjx,V12.14: City-filtered from Williamson County TX
thrall,Thrall,TX,city,socrata,YES,https://data.wcad.org/resource/fqhf-gyjx.json,fqhf-gyjx,V12.14: City-filtered from Williamson County TX
columbia_md,Columbia,MD,city,socrata,YES,https://opendata.howardcountymd.gov/resource/kvz2-j5cj.json,kvz2-j5cj,V12.14: City-filtered from Howard County MD
ellicott_city,Ellicott City,MD,city,socrata,YES,https://opendata.howardcountymd.gov/resource/kvz2-j5cj.json,kvz2-j5cj,V12.14: City-filtered from Howard County MD
elkridge,Elkridge,MD,city,socrata,YES,https://opendata.howardcountymd.gov/resource/kvz2-j5cj.json,kvz2-j5cj,V12.14: City-filtered from Howard County MD
laurel_md,Laurel,MD,city,socrata,YES,https://opendata.howardcountymd.gov/resource/kvz2-j5cj.json,kvz2-j5cj,V12.14: City-filtered from Howard County MD
clarksville_md,Clarksville,MD,city,socrata,YES,https://opendata.howardcountymd.gov/resource/kvz2-j5cj.json,kvz2-j5cj,V12.14: City-filtered from Howard County MD
highland_md,Highland,MD,city,socrata,YES,https://opendata.howardcountymd.gov/resource/kvz2-j5cj.json,kvz2-j5cj,V12.14: City-filtered from Howard County MD
fulton_md,Fulton,MD,city,socrata,YES,https://opendata.howardcountymd.gov/resource/kvz2-j5cj.json,kvz2-j5cj,V12.14: City-filtered from Howard County MD
west_friendship,West Friendship,MD,city,socrata,YES,https://opendata.howardcountymd.gov/resource/kvz2-j5cj.json,kvz2-j5cj,V12.14: City-filtered from Howard County MD
woodstock_md,Woodstock,MD,city,socrata,YES,https://opendata.howardcountymd.gov/resource/kvz2-j5cj.json,kvz2-j5cj,V12.14: City-filtered from Howard County MD
glenwood_md,Glenwood,MD,city,socrata,YES,https://opendata.howardcountymd.gov/resource/kvz2-j5cj.json,kvz2-j5cj,V12.14: City-filtered from Howard County MD
savage_md,Savage,MD,city,socrata,YES,https://opendata.howardcountymd.gov/resource/kvz2-j5cj.json,kvz2-j5cj,V12.14: City-filtered from Howard County MD
jessup_md,Jessup,MD,city,socrata,YES,https://opendata.howardcountymd.gov/resource/kvz2-j5cj.json,kvz2-j5cj,V12.14: City-filtered from Howard County MD
austin_tx_datahub,Austin,TX,city,socrata,NO,https://datahub.austintexas.gov/resource/3syk-w9eu.json,3syk-w9eu,"V12.60: Austin TX construction permits from datahub. 82 columns, massive dataset."
norfolk_va,Norfolk,VA,city,socrata,NO,https://data.norfolk.gov/resource/bnrb-u445.json,bnrb-u445,"V12.60: Norfolk VA permits and inspections. 32 fields incl. fees, work items."
dallas_tx,Dallas,TX,city,socrata,NO,https://www.dallasopendata.com/resource/e7gq-4sah.json,e7gq-4sah,V12.60: Dallas TX building permits. Includes contractor info.
cincinnati_oh,Cincinnati,OH,city,socrata,NO,https://data.cincinnati-oh.gov/resource/uhjb-xac9.json,uhjb-xac9,"V12.60: Cincinnati OH building permits. 27 fields, updated daily."
orlando_fl,Orlando,FL,city,socrata,NO,https://data.cityoforlando.net/resource/ryhf-m453.json,ryhf-m453,"V12.60: Orlando FL permit applications. Includes worktype, square footage."
corona_ca,Corona,CA,city,socrata,NO,https://corstat.coronaca.gov/resource/2agx-camz.json,2agx-camz,V12.60: Corona CA building permits. Pop ~157K. Good field coverage.
mesa_az,Mesa,AZ,city,socrata,NO,https://citydata.mesaaz.gov/resource/dzpk-hxfb.json,dzpk-hxfb,"V12.60: Mesa AZ building permits. Pop ~518K. 34 fields, updated daily."
buffalo_ny,Buffalo,NY,city,socrata,NO,https://data.buffalony.gov/resource/9p2d-f3yt.json,9p2d-f3yt,"V12.60: Buffalo NY building permits. Includes applicant, license info."
san_diego_county_ca,San Diego County,CA,city,socrata,NO,https://data.sandiegocounty.gov/resource/dyzh-7eat.json,dyzh-7eat,"V12.60: San Diego County permits. Covers Alpine, Valley Center, Fallbrook, etc."
college_station_tx,College Station,TX,city,socrata,NO,https://data.cstx.gov/resource/hrbn-znt6.json,hrbn-znt6,V12.60: College Station TX permits. Pop ~120K. Home of Texas A&M.
little_rock_ar,Little Rock,AR,city,socrata,NO,https://data.littlerock.gov/resource/mkfu-qap3.json,mkfu-qap3,"V12.60: Little Rock AR permits. Pop ~202K. First AR city! Includes sq ft, contractor."
fort_worth_tx,Fort Worth,TX,city,socrata,NO,https://data.fortworthtexas.gov/resource/quz7-xnsy.json,quz7-xnsy,V12.60: Fort Worth TX development permits. Pop ~978K. 25 fields.
framingham_ma,Framingham,MA,city,socrata,NO,https://data.framinghamma.gov/resource/2vzw-yean.json,2vzw-yean,V12.60: Framingham MA building permits. Pop ~73K.
asbury_park_nj,Asbury Park,NJ,city,socrata,YES,https://data.nj.gov/resource/w9se-dmra.json,w9se-dmra,V12.60: Asbury Park NJ from NJ statewide. Pop ~16K. Active redevelopment.
montclair_nj,Montclair,NJ,city,socrata,YES,https://data.nj.gov/resource/w9se-dmra.json,w9se-dmra,V12.60: Montclair NJ from NJ statewide. Pop ~40K.
north_bergen_nj,North Bergen,NJ,city,socrata,YES,https://data.nj.gov/resource/w9se-dmra.json,w9se-dmra,V12.60: North Bergen NJ from NJ statewide. Pop ~63K.
pierce_county_wa_socrata,Pierce County,WA,city,socrata,NO,https://open.piercecountywa.gov/resource/rcj9-mkn4.json,rcj9-mkn4,"V12.60: Pierce County WA Socrata permits. Covers Tacoma unincorp, Lakewood, etc."
newark_nj,Newark,NJ,city,socrata,YES,https://data.nj.gov/resource/w9se-dmra.json,w9se-dmra,V12.60: Newark NJ from NJ statewide dataset. Pop ~311K. Largest NJ city.
jersey_city_nj,Jersey City,NJ,city,socrata,YES,https://data.nj.gov/resource/w9se-dmra.json,w9se-dmra,V12.60: Jersey City NJ from NJ statewide. Pop ~292K.
paterson_nj,Paterson,NJ,city,socrata,YES,https://data.nj.gov/resource/w9se-dmra.json,w9se-dmra,V12.60: Paterson NJ from NJ statewide. Pop ~159K.
elizabeth_nj,Elizabeth,NJ,city,socrata,YES,https://data.nj.gov/resource/w9se-dmra.json,w9se-dmra,V12.60: Elizabeth NJ from NJ statewide. Pop ~137K.
trenton_nj,Trenton,NJ,city,socrata,YES,https://data.nj.gov/resource/w9se-dmra.json,w9se-dmra,V12.60: Trenton NJ from NJ statewide. Pop ~90K. State capital.
new_brunswick_nj,New Brunswick,NJ,city,socrata,YES,https://data.nj.gov/resource/w9se-dmra.json,w9se-dmra,V12.60: New Brunswick NJ from NJ statewide. Pop ~58K. Rutgers University.
camden_nj,Camden,NJ,city,socrata,YES,https://data.nj.gov/resource/w9se-dmra.json,w9se-dmra,V12.60: Camden NJ from NJ statewide. Pop ~73K. Major redevelopment activity.
princeton_nj,Princeton,NJ,city,socrata,YES,https://data.nj.gov/resource/w9se-dmra.json,w9se-dmra,V12.60: Princeton NJ from NJ statewide. Pop ~31K. Princeton University.
oxnard_ca,Oxnard,CA,city,socrata,YES,https://data.oxnard.org/resource/vmzx-48vx.json,vmzx-48vx,V12.60: Oxnard CA building permits. Pop ~210K.
nj_statewide,New Jersey Statewide,NJ,bulk,socrata,YES,https://data.nj.gov/resource/w9se-dmra.json,w9se-dmra,V12.31: Statewide dataset covering all 550 NJ municipalities
san_diego_county,San Diego County,CA,bulk,socrata,YES,https://internal-sandiegocounty.data.socrata.com/resource/im3c-szc4.json,im3c-szc4,"V12.31: County dataset covering San Diego, Carlsbad, Oceanside, etc."
sonoma_county,Sonoma County,CA,bulk,socrata,YES,https://data.sonomacounty.ca.gov/resource/88ms-k5e7.json,88ms-k5e7,"V12.31: County dataset covering Santa Rosa, Petaluma, etc."
miami_dade_county,Miami-Dade County,FL,bulk,socrata,NO,https://datahub-miamidade.opendata.arcgis.com/resource/building_permits.json,building_permits,V12.31: Needs endpoint verification
montgomery_county_md,Montgomery County MD,MD,bulk,socrata,YES,https://data.montgomerycountymd.gov/resource/m88u-pqki.json,m88u-pqki,"V12.35: Discovery - Bethesda, Rockville, Silver Spring, etc."
prince_georges_county_md,Prince George's County MD,MD,bulk,socrata,YES,https://data.princegeorgescountymd.gov/resource/weik-ttee.json,weik-ttee,"V12.35: Discovery - Bowie, Hyattsville, Largo, etc."
baton_rouge_la,East Baton Rouge Parish,LA,bulk,socrata,YES,https://data.brla.gov/resource/7fq7-8j7r.json,7fq7-8j7r,V12.35: Discovery - Baton Rouge parish permits
contra_costa_county_ca,Contra Costa County CA,CA,bulk,socrata,YES,https://www.transparentrichmond.org/resource/tkbh-qmdj.json,tkbh-qmdj,"V12.39: Fixed date_field to 'issued', cost to 'jobvalue'"
collin_county_tx,Collin County TX,TX,bulk,socrata,YES,https://data.texas.gov/resource/82ee-gbj5.json,82ee-gbj5,"V12.39: McKinney, Allen, Frisco, Celina, Wylie, Prosper, etc. 94K+ permits"
howard_county_md,Howard County MD,MD,bulk,socrata,YES,https://opendata.howardcountymd.gov/resource/kvz2-j5cj.json,kvz2-j5cj,"V12.39: Columbia, Ellicott City, Elkridge, Clarksville, Fulton, etc. 46K+ permits"
marin_county_ca,Marin County CA,CA,bulk,socrata,YES,https://data.marincounty.gov/resource/mkbn-caye.json,mkbn-caye,"V12.39: Kentfield, Mill Valley, San Rafael, Novato, Fairfax, etc. 30K+ permits"
cook_county_il,Cook County IL,IL,bulk,socrata,YES,https://datacatalog.cookcountyil.gov/resource/6yjf-dfxs.json,6yjf-dfxs,"V12.60: Cook County IL assessor permits. 130+ municipalities incl Evanston, Skokie, Oak Park, Cicero..."
williamson_county_tx,Williamson County TX,TX,bulk,socrata,YES,https://data.wcad.org/resource/fqhf-gyjx.json,fqhf-gyjx,"V12.60: Williamson County TX permits. Round Rock, Georgetown, Cedar Park, Leander, etc."
san_diego_county_v2,San Diego County (Public),CA,bulk,socrata,NO,https://data.sandiegocounty.gov/resource/dyzh-7eat.json,dyzh-7eat,"V12.60: San Diego County public endpoint. Alpine, Borrego Springs, Fallbrook, Lakeside, Ramona, Vall..."
little_rock_ar_bulk,Little Rock AR Metro,AR,bulk,socrata,YES,https://data.littlerock.gov/resource/mkfu-qap3.json,mkfu-qap3,"V12.60: Little Rock AR permits. First AR bulk source. Includes sq ft, workclass."
dallas_tx_bulk,Dallas TX,TX,bulk,socrata,NO,https://www.dallasopendata.com/resource/e7gq-4sah.json,e7gq-4sah,V12.60: Dallas TX building permits. Covers all zip codes.
orlando_fl_bulk,Orlando FL Metro,FL,bulk,socrata,NO,https://data.cityoforlando.net/resource/ryhf-m453.json,ryhf-m453,V12.60: Orlando FL permit applications. Covers all neighborhoods/districts.
norfolk_va_bulk,Norfolk VA,VA,bulk,socrata,NO,https://data.norfolk.gov/resource/bnrb-u445.json,bnrb-u445,V12.60: Norfolk VA permits. All wards covered.
cincinnati_oh_bulk,Cincinnati OH Metro,OH,bulk,socrata,YES,https://data.cincinnati-oh.gov/resource/uhjb-xac9.json,uhjb-xac9,V12.60: Cincinnati OH building permits. Updated daily.
mesa_az_bulk,Mesa AZ,AZ,bulk,socrata,NO,https://citydata.mesaaz.gov/resource/dzpk-hxfb.json,dzpk-hxfb,"V12.60: Mesa AZ building permits. 34 fields, includes sq ft and fees."
corona_ca_bulk,Corona CA,CA,bulk,socrata,NO,https://corstat.coronaca.gov/resource/2agx-camz.json,2agx-camz,"V12.60: Corona CA building permits. Includes applied, approved, issued dates."
fort_worth_tx_bulk,Fort Worth TX,TX,bulk,socrata,NO,https://data.fortworthtexas.gov/resource/quz7-xnsy.json,quz7-xnsy,V12.60: Fort Worth TX development permits. Pop ~978K.
austin_tx_datahub_bulk,Austin TX (Datahub),TX,bulk,socrata,NO,https://datahub.austintexas.gov/resource/3syk-w9eu.json,3syk-w9eu,"V12.60: Austin TX datahub permits. 82 columns, massive dataset. Covers metro area."
pierce_county_wa_socrata_bulk,Pierce County WA,WA,bulk,socrata,NO,https://open.piercecountywa.gov/resource/rcj9-mkn4.json,rcj9-mkn4,"V12.60: Pierce County WA Socrata permits. 27 fields, good coverage."
buffalo_ny_bulk,Buffalo NY,NY,bulk,socrata,YES,https://data.buffalony.gov/resource/9p2d-f3yt.json,9p2d-f3yt,"V12.60: Buffalo NY building permits. Includes applicant, license info."
